0,1,2,3,4,5,6,7,8,9,10,11,12,13,14,15,16,17,18,19,20,21,22,23,24,25,26,27,28,29,30,31,32,33,34,35,36,37,38,39,40,41,42,43,44,45,46,47,48,49,50,51,52,53,54,55,56,57,58,59,60,61,62,63,64,65,66,67,68,69,70,71,72,73,74,75,76,77,78,79,80,81,82,83,84,85,86,87,88,89,90
41.338242108266996,41.41101018118059,41.48381576398546,41.5566585578147,41.62953826316075,41.70245457988005,41.77540720719779,41.8483958437125,41.92142018740093,41.99447993562269,42.06757478512505,42.1407044320478,42.21386857192798,42.28706689970479,42.360299109724444,42.433564895745064,42.5068639509415,42.5801959679104,42.65356063867507,42.72695765469045,42.80038670684814,42.873847485481384,42.94733968037012,43.020862980746024,43.09441707529759,43.16800165217519,43.24161639899626,43.315261002850356,43.38893515030434,43.462638527407584,43.536370819697076,43.61013171220273,43.6839208894525,43.75773803547774,43.831582833818416,43.90545496752837,43.97935411918067,44.05327997087286,44.12723220423236,44.20121050042182,44.27521454014444,44.3492440036494,44.42329857073724,44.49737792076532,44.571481732653204,44.64560968488817,44.71976145553063,44.793936722219655,44.86813516217848,44.94235645221996,45.016600268752214,45.09086628778404,45.1651541849306,45.23946363541892,45.31379431409354,45.38814589542204,45.46251805350075,45.53691046206033,45.61132279447145,45.685754723750414,45.76020592256489,45.83467606323957,45.90916481776184,45.983671857787535,46.05819685464669,46.1327394793492,46.20729940259066,46.28187629475805,46.356469825935584,46.43107966591044,46.50570548417855,46.5803469499505,46.655003732157226,46.72967549945593,46.80436192023591,46.87906266262438,46.95377739449231,47.02850578346039,47.103247496904814,47.178002201963245,47.25276956554064,47.32754925431518,47.402340934744245,47.477144273070266,47.55195893532669,47.62678458734389,47.701620894755166,47.77646752300266,47.85132413734331,47.926190402854864,48.00106598444182
41.39887955611293,41.47167890800654,41.54451552078026,41.61738909503303,41.69029933072694,41.76324592719205,41.83622858313105,41.90924699662395,41.98230086513289,42.055389885506884,42.1285137539866,42.20167216620923,42.274864817213285,42.34809140144344,42.4213516127555,42.4946451444212,42.5679716891332,42.64133093901003,42.714722585601,42.78814631989126,42.86160183230677,42.935088812719314,43.00860695045161,43.082155934282305,43.15573545245114,43.229345192664,43.30298484209806,43.376654087406955,43.45035261472592,43.524080109677,43.59783625737425,43.67162074242891,43.74543324895477,43.81927346057329,43.893141060419,43.96703573114467,44.040957154926794,44.11490501347074,44.18887898801625,44.26287875934274,44.33690400777466,44.41095441318697,44.485029655010514,44.55912941223744,44.63325336342667,44.70740118670941,44.78157255979457,44.8557671599743,44.929984664129464,45.00422474873525,45.078487089866655,45.15277136320403,45.227077244038696,45.301404407278575,45.37575252745366,45.450121278721795,45.524510334874165,45.598919369341075,45.67334805519746,45.74779606516873,45.82226307163632,45.89674874664345,45.97125276190082,46.04577478879236,46.120314498380914,46.19487156141408,46.269445648329864,46.344036429262545,46.418643574048374,46.49326675223146,46.56790563306954,46.64255988553974,46.717229178344475,46.791913179917294,46.86661155842867,46.941323981791896,47.016050117668975,47.09078963347642,47.165542196391236,47.24030747335676,47.315085131088566,47.38987483608042,47.46467625461017,47.53948905274567,47.61431289635073,47.68914745109111,47.76399238244034,47.83884735568586,47.91371203593484,47.98858608812026,48.06346917700681
41.45954308705349,41.53237351045501,41.605240945280094,41.678145091596654,41.75108564883978,41.82406231581638,41.8970747907099,41.97012277108516,42.043205953893,42.11632403547517,42.18947671156908,42.26266367731271,42.33588462724936,42.409139255332626,42.48242725493127,42.555748318834105,42.629102139255,42.702488407837805,42.775906815661344,42.84935705324441,42.92283881055083,42.99635177699446,43.06989564144428,43.1434700922295,43.21707481714461,43.29070950345457,43.36437383789988,43.43806750670184,43.51179019556766,43.585541589695694,43.65932137378064,43.7331292320188,43.80696484811333,43.88082790527956,43.954718086250196,44.028635073280704,44.10257854815464,44.17654819218896,44.25054368623941,44.32456471070594,44.398610945538,44.4726820702401,44.546777763877124,44.62089770507983,44.6950415720503,44.76920904256748,44.84339979399256,44.91761350327461,44.991849846956015,45.06610850117808,45.14038914168657,45.21469144383725,45.28901508260154,45.363359732572036,45.43772506796822,45.512110762641996,45.586516490083405,45.66094192342625,45.73538673545378,45.80985059860437,45.884333184977194,45.958834166338,46.03335321412476,46.10788999945346,46.18244419312382,46.257015465625045,46.33160348714163,46.406207927559116,46.48082845646989,46.55546474317898,46.63011645670992,46.7047832658105,46.77946483895866,46.8541608443683,46.92887094999521,47.00359482354282,47.078332132468184,47.1530825439878,47.22784572508355,47.30262134250855,47.37740906279313,47.45220855225069,47.527019476983696,47.601841502889556,47.67667429566659,47.751517520819995,47.82637084366777,47.901233929346766,47.97610644281854,48.05098804887542,48.12587841214648
41.520232528226295,41.593093815292235,41.665991863882425,41.73892637353706,41.811897043167455,41.88490357106062,41.95794565488414,42.031022991690875,42.104135277923746,42.177282209420554,42.25046348141882,42.32367878856066,42.3969278248976,42.47021028389551,42.54352585843956,42.61687424083907,42.690255122832546,42.76366819559264,42.83711314973116,42.91058967530404,42.984097461816475,43.0576361982279,43.13120557295711,43.204805273887374,43.27843498837156,43.35209440323721,43.4257832047918,43.49950107882786,43.57324771062817,43.647022784971064,43.72082598613549,43.79465699790646,43.86851550358023,43.94240118596955,44.0163137274091,44.09025280976069,44.16421811441869,44.238209322315335,44.312226113926144,44.3862681692753,44.46033516794108,44.53442678906126,44.608542711338586,44.682682613046204,44.75684617203319,44.83103306572998,44.90524297115396,44.9794755649149,45.053730523220565,45.12800752188226,45.20230623632036,45.27662634156995,45.35096751228639,45.425329422750934,45.49971174687639,45.57411415821268,45.64853632995261,45.72297793493746,45.79743864566266,45.87191813428356,45.94641607262107,46.02093213216739,46.095465984091746,46.17001729924621,46.24458574817131,46.31917100110196,46.39377272797308,46.46839059842556,46.54302428181187,46.617673447202094,46.69233776338954,46.76701689889675,46.841710521981206,46.91641830064132,46.99113990262215,47.06587499542144,47.14062324629534,47.215384322264434,47.29015789011956,47.36494361642777,47.43974116753822,47.51455020958809,47.589370408508564,47.66420143003073,47.73904293969155,47.813894602839845,47.88875608464219,47.96362705008899,48.038507164000336,48.11339609103209,48.18829349568186
41.58094770645927,41.653839648976955,41.72676810267953,41.79973276658278,41.87273333907745,41.94576951793403,42.01884100030751,42.091947482742114,42.16508866117617,42.23826423094693,42.31147388679536,42.38471732287113,42.45799423273734,42.531304309375614,42.604647245190904,42.678022732016515,42.75143046111906,42.82487012320344,42.89834140841793,42.97184400635913,43.045377606077096,43.118941896080386,43.19253656434116,43.26616129830032,43.33981578487261,43.41349971045183,43.48721276091598,43.560954621632426,43.63472497746319,43.70852351277012,43.78234991142019,43.85620385679072,43.93008503177471,44.00399311878611,44.07792779976519,44.151888756183865,44.225875669051,44.29988821891786,44.373926085883504,44.447988949600116,44.522076489278525,44.596188383693594,44.67032431118972,44.744483949686234,44.818666976682984,44.8928730692658,44.967101904112035,45.04135315749605,45.115626505294834,45.18992162299354,45.26423818569108,45.33857586810569,45.41293434458062,45.48731328908966,45.561712375242855,45.63613127629212,45.71056966513691,45.78502721432993,45.8595035960828,45.93399848227177,46.00851154444342,46.08304245382047,46.15759088130736,46.2321564974962,46.30673897267241,46.38133797682052,46.45595317963001,46.53058425050106,46.60523085855035,46.679892672616965,46.754569361268125,46.82926059280512,46.903966035269114,46.978685356446995,47.05341822387729,47.12816430485603,47.20292326644267,47.277694775465875,47.352478498529635,47.42727410201897,47.502081252105995,47.576899614755824,47.65172885573248,47.72656864060485,47.80141863475271,47.87627850337259,47.95114791148384,48.0260265239345,48.10091400540743,48.175810020426184,48.25071423336102
41.641688448272475,41.714610837662306,41.787569487460374,41.860564096161276,41.933594361638555,42.006659981149426,42.0797606513396,42.15289606824804,42.22606592731184,42.29926992337104,42.37250775067346,42.44577910287969,42.51908367306786,42.592421153738755,42.66579123682055,42.73919361367399,42.81262797509724,42.886094011331,42.95959141206347,43.03311986643543,43.10667906304534,43.18026868995442,43.25388843469172,43.327537984259365,43.4012170251376,43.474925243290016,43.548662324168745,43.622427952719654,43.69622181338762,43.770043590121695,43.84389296638044,43.91776962513724,43.99167324888549,44.06560351964406,44.13956011896252,44.21354272792655,44.28755102716333,44.361584696846876,44.435643416703506,44.50972686601721,44.58383472363515,44.65796666797305,44.732122377020744,44.80630152834761,44.8805037991081,44.954728866047226,45.02897640550614,45.103246093427714,45.17753760536197,45.25185061647184,45.326184801538616,45.400539834967624,45.47491539079386,45.54931114268759,45.62372676396004,45.69816192756901,45.77261630612461,45.8470895718949,45.92158139681161,45.99609145247591,46.07061941016405,46.14516494083315,46.21972771512697,46.29430740338163,46.36890367563144,46.44351620161461,46.518144650779135,46.592788692288586,46.66744799502788,46.74212222760913,46.816811058377574,46.89151415541729,46.96623118655715,47.04096181937668,47.11570572121192,47.19046255916129,47.265232000091586,47.34001371064379,47.414807357239006,47.48961260608444,47.56442912317927,47.63925657432064,47.714094625109546,47.78894294095686,47.86380118708923,47.93866902855514,48.013546130230765,48.08843215682608,48.16332677289074,48.23822964282018,48.31314043086152
41.70245457988004,41.77540720719777,41.8483958437125,41.92142018740093,41.99447993562269,42.06757478512505,42.1407044320478,42.21386857192797,42.28706689970479,42.360299109724444,42.433564895745064,42.506863950941494,42.5801959679104,42.65356063867507,42.72695765469045,42.80038670684814,42.873847485481384,42.94733968037012,43.020862980746024,43.09441707529759,43.16800165217519,43.24161639899626,43.315261002850356,43.38893515030434,43.462638527407584,43.536370819697076,43.61013171220273,43.683920889452494,43.75773803547774,43.831582833818416,43.90545496752837,43.97935411918067,44.05327997087286,44.12723220423236,44.20121050042182,44.27521454014444,44.349244003649396,44.42329857073724,44.49737792076532,44.571481732653204,44.64560968488817,44.71976145553063,44.793936722219655,44.86813516217848,44.94235645221996,45.016600268752214,45.09086628778404,45.1651541849306,45.23946363541892,45.31379431409354,45.38814589542203,45.46251805350075,45.53691046206033,45.61132279447145,45.685754723750414,45.76020592256489,45.83467606323957,45.90916481776184,45.983671857787535,46.05819685464669,46.1327394793492,46.20729940259066,46.28187629475805,46.356469825935584,46.43107966591044,46.50570548417855,46.5803469499505,46.655003732157226,46.72967549945593,46.80436192023591,46.87906266262438,46.95377739449231,47.028505783460375,47.103247496904814,47.178002201963245,47.25276956554064,47.32754925431518,47.402340934744245,47.477144273070266,47.55195893532669,47.62678458734389,47.701620894755166,47.77646752300266,47.85132413734331,47.926190402854864,48.00106598444182,48.07595054684142,48.15084375462965,48.225745272227186,48.300654763905506,48.37557189379276
41.76324592719205,41.83622858313105,41.90924699662395,41.982300865132885,42.055389885506884,42.1285137539866,42.20167216620923,42.274864817213285,42.34809140144344,42.421351612755494,42.4946451444212,42.5679716891332,42.64133093901003,42.714722585601,42.78814631989126,42.86160183230676,42.935088812719314,43.00860695045161,43.082155934282305,43.15573545245114,43.229345192664,43.30298484209806,43.376654087406955,43.45035261472592,43.524080109677,43.59783625737425,43.67162074242891,43.74543324895477,43.81927346057329,43.893141060419,43.96703573114467,44.04095715492678,44.11490501347074,44.18887898801625,44.26287875934273,44.33690400777466,44.41095441318697,44.485029655010514,44.55912941223744,44.63325336342667,44.70740118670941,44.78157255979457,44.8557671599743,44.929984664129464,45.00422474873525,45.078487089866655,45.15277136320403,45.227077244038696,45.301404407278575,45.37575252745366,45.450121278721795,45.524510334874165,45.59891936934106,45.67334805519746,45.74779606516873,45.82226307163632,45.89674874664345,45.97125276190082,46.04577478879236,46.120314498380914,46.19487156141408,46.269445648329864,46.344036429262545,46.418643574048374,46.49326675223146,46.56790563306954,46.64255988553974,46.717229178344475,46.791913179917294,46.86661155842866,46.941323981791896,47.016050117668975,47.09078963347641,47.165542196391236,47.24030747335676,47.315085131088566,47.38987483608042,47.46467625461017,47.53948905274567,47.61431289635073,47.68914745109111,47.76399238244034,47.83884735568586,47.91371203593484,47.98858608812026,48.06346917700681,48.13836096719692,48.213261123136775,48.28816930912227,48.36308518930502,48.438008427698435
41.82406231581638,41.8970747907099,41.97012277108516,42.043205953893,42.11632403547517,42.18947671156908,42.26266367731271,42.33588462724936,42.409139255332626,42.48242725493126,42.555748318834105,42.629102139255,42.702488407837805,42.775906815661344,42.84935705324441,42.92283881055083,42.99635177699446,43.06989564144428,43.1434700922295,43.21707481714461,43.29070950345457,43.36437383789988,43.43806750670184,43.51179019556766,43.585541589695694,43.65932137378063,43.7331292320188,43.80696484811333,43.88082790527956,43.954718086250196,44.028635073280704,44.10257854815464,44.17654819218896,44.25054368623941,44.324564710705936,44.398610945538,44.4726820702401,44.546777763877124,44.62089770507983,44.6950415720503,44.76920904256748,44.84339979399256,44.91761350327461,44.991849846956015,45.06610850117808,45.14038914168657,45.21469144383725,45.28901508260154,45.363359732572036,45.43772506796822,45.512110762641996,45.586516490083405,45.66094192342625,45.73538673545378,45.809850598604356,45.884333184977194,45.958834166338,46.03335321412476,46.10788999945346,46.182444193123814,46.257015465625045,46.33160348714163,46.406207927559116,46.48082845646989,46.55546474317898,46.63011645670992,46.7047832658105,46.77946483895866,46.8541608443683,46.92887094999521,47.00359482354282,47.078332132468184,47.1530825439878,47.22784572508355,47.30262134250855,47.37740906279313,47.45220855225069,47.527019476983696,47.601841502889556,47.67667429566659,47.751517520819995,47.82637084366777,47.901233929346766,47.97610644281854,48.05098804887541,48.12587841214648,48.200777197103506,48.275684068067044,48.35059868921233,48.42552072457539,48.50044983805899
41.88490357106062,41.95794565488414,42.031022991690875,42.104135277923746,42.177282209420554,42.25046348141882,42.32367878856066,42.3969278248976,42.47021028389551,42.54352585843956,42.61687424083907,42.690255122832546,42.76366819559264,42.83711314973116,42.910589675304045,42.984097461816475,43.0576361982279,43.13120557295711,43.20480527388738,43.27843498837156,43.35209440323721,43.4257832047918,43.49950107882786,43.57324771062817,43.647022784971064,43.72082598613549,43.79465699790646,43.86851550358023,43.94240118596955,44.0163137274091,44.09025280976069,44.16421811441869,44.238209322315335,44.312226113926144,44.3862681692753,44.46033516794108,44.53442678906126,44.608542711338586,44.682682613046204,44.75684617203319,44.83103306572998,44.90524297115396,44.9794755649149,45.05373052322057,45.12800752188226,45.20230623632036,45.27662634156996,45.35096751228639,45.425329422750934,45.49971174687639,45.57411415821268,45.64853632995261,45.72297793493746,45.79743864566266,45.87191813428356,45.94641607262107,46.02093213216739,46.095465984091746,46.17001729924621,46.24458574817131,46.31917100110196,46.39377272797308,46.46839059842556,46.54302428181187,46.617673447202094,46.69233776338954,46.76701689889675,46.841710521981206,46.91641830064132,46.99113990262215,47.06587499542144,47.14062324629534,47.215384322264434,47.29015789011956,47.36494361642777,47.43974116753822,47.51455020958809,47.589370408508564,47.66420143003073,47.73904293969155,47.813894602839845,47.8887560846422,47.96362705008899,48.038507164000336,48.11339609103209,48.18829349568186,48.26319904229496,48.338112395070425,48.41303321806709,48.4879611752095,48.56289593029398
41.94576951793403,42.01884100030751,42.091947482742114,42.16508866117617,42.23826423094692,42.31147388679536,42.38471732287112,42.45799423273734,42.531304309375614,42.604647245190904,42.678022732016515,42.75143046111906,42.82487012320344,42.89834140841793,42.97184400635913,43.045377606077096,43.118941896080386,43.19253656434116,43.26616129830032,43.33981578487261,43.41349971045183,43.48721276091598,43.560954621632426,43.63472497746319,43.70852351277012,43.782349911420184,43.85620385679072,43.9300850317747,44.003993118786106,44.07792779976519,44.151888756183865,44.22587566905099,44.29988821891786,44.373926085883504,44.447988949600116,44.522076489278525,44.596188383693594,44.67032431118972,44.74448394968622,44.818666976682984,44.8928730692658,44.967101904112035,45.04135315749605,45.115626505294834,45.18992162299354,45.26423818569108,45.33857586810569,45.41293434458062,45.48731328908966,45.561712375242855,45.63613127629212,45.71056966513691,45.78502721432993,45.8595035960828,45.93399848227177,46.00851154444342,46.08304245382047,46.15759088130736,46.2321564974962,46.30673897267241,46.38133797682052,46.45595317963001,46.53058425050106,46.60523085855035,46.679892672616965,46.754569361268125,46.82926059280512,46.903966035269114,46.978685356446995,47.05341822387729,47.12816430485603,47.20292326644267,47.277694775465875,47.352478498529635,47.42727410201897,47.502081252105995,47.576899614755824,47.65172885573248,47.726568640604846,47.80141863475271,47.87627850337259,47.95114791148384,48.0260265239345,48.10091400540743,48.175810020426184,48.25071423336102,48.32562630843498,48.4005459097298,48.475472701192,48.550406346638866,48.6253465097645
42.00665998114943,42.0797606513396,42.15289606824804,42.22606592731184,42.29926992337104,42.37250775067346,42.44577910287969,42.51908367306786,42.592421153738755,42.66579123682055,42.73919361367399,42.81262797509724,42.886094011331,42.95959141206347,43.03311986643543,43.10667906304534,43.18026868995442,43.25388843469172,43.327537984259365,43.4012170251376,43.474925243290016,43.548662324168745,43.62242795271966,43.69622181338762,43.770043590121695,43.84389296638044,43.91776962513724,43.99167324888549,44.06560351964406,44.13956011896252,44.21354272792655,44.28755102716333,44.361584696846876,44.435643416703506,44.50972686601721,44.58383472363515,44.65796666797305,44.732122377020744,44.80630152834761,44.8805037991081,44.954728866047226,45.02897640550614,45.103246093427714,45.17753760536198,45.25185061647184,45.326184801538616,45.400539834967624,45.47491539079386,45.54931114268759,45.62372676396004,45.69816192756901,45.77261630612461,45.8470895718949,45.92158139681161,45.99609145247591,46.07061941016405,46.14516494083315,46.21972771512697,46.29430740338163,46.36890367563144,46.44351620161461,46.51814465077915,46.592788692288586,46.66744799502788,46.74212222760914,46.816811058377574,46.89151415541729,46.96623118655715,47.04096181937668,47.11570572121192,47.19046255916129,47.265232000091586,47.34001371064379,47.414807357239006,47.48961260608444,47.56442912317927,47.63925657432064,47.714094625109546,47.78894294095686,47.86380118708923,47.93866902855514,48.013546130230765,48.08843215682608,48.16332677289074,48.23822964282018,48.31314043086152,48.38805880111966,48.462984417563234,48.53791694403067,48.612856044236125,48.68780138177567
42.06757478512505,42.1407044320478,42.21386857192797,42.28706689970479,42.360299109724444,42.433564895745064,42.506863950941494,42.5801959679104,42.65356063867507,42.72695765469045,42.80038670684814,42.873847485481384,42.94733968037012,43.020862980746024,43.09441707529759,43.16800165217519,43.24161639899626,43.315261002850356,43.38893515030434,43.462638527407584,43.536370819697076,43.61013171220273,43.6839208894525,43.75773803547774,43.831582833818416,43.90545496752837,43.97935411918067,44.05327997087286,44.12723220423236,44.20121050042182,44.27521454014444,44.349244003649396,44.42329857073724,44.49737792076532,44.571481732653204,44.64560968488817,44.71976145553063,44.793936722219655,44.86813516217848,44.94235645221996,45.016600268752214,45.09086628778404,45.1651541849306,45.23946363541892,45.31379431409354,45.38814589542204,45.46251805350075,45.53691046206033,45.61132279447145,45.685754723750414,45.76020592256489,45.83467606323957,45.90916481776184,45.983671857787535,46.05819685464669,46.1327394793492,46.20729940259066,46.28187629475805,46.356469825935584,46.43107966591044,46.50570548417855,46.5803469499505,46.655003732157226,46.72967549945593,46.80436192023591,46.87906266262438,46.95377739449231,47.02850578346039,47.103247496904814,47.178002201963245,47.25276956554064,47.32754925431518,47.40234093474424,47.477144273070266,47.55195893532669,47.62678458734389,47.701620894755166,47.77646752300266,47.85132413734331,47.926190402854864,48.00106598444182,48.07595054684142,48.15084375462965,48.225745272227186,48.300654763905506,48.37557189379276,48.45049632587987,48.52542772402656,48.60036575196728,48.67531007331736,48.75026035157896
42.1285137539866,42.20167216620923,42.274864817213285,42.34809140144344,42.421351612755494,42.4946451444212,42.5679716891332,42.64133093901003,42.714722585601,42.78814631989126,42.86160183230676,42.935088812719314,43.00860695045161,43.082155934282305,43.15573545245114,43.229345192664,43.30298484209806,43.376654087406955,43.45035261472592,43.524080109677,43.59783625737425,43.67162074242891,43.74543324895477,43.81927346057329,43.893141060419,43.96703573114467,44.04095715492678,44.11490501347074,44.18887898801625,44.26287875934273,44.33690400777466,44.41095441318697,44.485029655010514,44.55912941223744,44.63325336342667,44.70740118670941,44.78157255979457,44.8557671599743,44.929984664129464,45.00422474873525,45.078487089866655,45.15277136320403,45.227077244038696,45.301404407278575,45.37575252745366,45.450121278721795,45.524510334874165,45.59891936934106,45.67334805519746,45.74779606516873,45.82226307163632,45.89674874664345,45.97125276190082,46.04577478879236,46.120314498380914,46.19487156141408,46.269445648329864,46.344036429262545,46.418643574048374,46.49326675223146,46.56790563306954,46.64255988553974,46.717229178344475,46.791913179917294,46.86661155842867,46.941323981791896,47.016050117668975,47.09078963347641,47.165542196391236,47.24030747335676,47.315085131088566,47.38987483608042,47.46467625461017,47.53948905274567,47.61431289635073,47.68914745109111,47.76399238244034,47.83884735568586,47.91371203593484,47.98858608812026,48.06346917700681,48.138360967196924,48.213261123136775,48.28816930912227,48.36308518930502,48.438008427698435,48.51293868818366,48.587875634515605,48.66281893032906,48.7377682391446,48.81272322437472
42.18947671156908,42.26266367731271,42.33588462724936,42.409139255332626,42.48242725493126,42.555748318834105,42.629102139255,42.702488407837805,42.775906815661344,42.84935705324441,42.92283881055083,42.99635177699446,43.06989564144428,43.1434700922295,43.21707481714461,43.29070950345457,43.36437383789988,43.43806750670184,43.51179019556766,43.585541589695694,43.65932137378064,43.7331292320188,43.80696484811333,43.88082790527956,43.954718086250196,44.028635073280704,44.10257854815464,44.17654819218896,44.25054368623941,44.324564710705936,44.398610945538,44.4726820702401,44.546777763877124,44.62089770507983,44.6950415720503,44.76920904256748,44.84339979399256,44.91761350327461,44.991849846956015,45.06610850117808,45.14038914168657,45.21469144383725,45.28901508260154,45.363359732572036,45.43772506796822,45.512110762641996,45.586516490083405,45.66094192342625,45.73538673545378,45.809850598604356,45.884333184977194,45.958834166338,46.03335321412476,46.10788999945346,46.182444193123814,46.257015465625045,46.33160348714163,46.406207927559116,46.48082845646989,46.55546474317898,46.63011645670992,46.7047832658105,46.77946483895866,46.8541608443683,46.92887094999521,47.00359482354282,47.078332132468184,47.1530825439878,47.22784572508355,47.30262134250855,47.37740906279313,47.45220855225069,47.527019476983696,47.601841502889556,47.67667429566659,47.751517520819995,47.82637084366777,47.901233929346766,47.97610644281854,48.05098804887542,48.12587841214648,48.200777197103506,48.275684068067044,48.35059868921233,48.42552072457539,48.50044983805899,48.57538569343869,48.650327954368834,48.725276284388656,48.80023034692822,48.87518980531451
42.250463481418834,42.32367878856066,42.3969278248976,42.47021028389551,42.54352585843956,42.61687424083907,42.690255122832546,42.76366819559264,42.83711314973116,42.910589675304045,42.984097461816475,43.0576361982279,43.13120557295711,43.20480527388738,43.27843498837156,43.35209440323721,43.4257832047918,43.49950107882786,43.57324771062817,43.647022784971064,43.72082598613549,43.79465699790646,43.86851550358023,43.94240118596955,44.0163137274091,44.09025280976069,44.16421811441869,44.238209322315335,44.312226113926144,44.3862681692753,44.46033516794108,44.53442678906126,44.608542711338586,44.682682613046204,44.75684617203319,44.83103306572998,44.90524297115396,44.9794755649149,45.05373052322057,45.12800752188226,45.20230623632036,45.27662634156996,45.35096751228639,45.425329422750934,45.49971174687639,45.57411415821268,45.64853632995261,45.72297793493746,45.79743864566266,45.87191813428356,45.94641607262107,46.02093213216739,46.095465984091746,46.17001729924621,46.24458574817131,46.31917100110196,46.39377272797308,46.46839059842556,46.54302428181187,46.617673447202094,46.69233776338954,46.76701689889675,46.841710521981206,46.91641830064132,46.99113990262215,47.06587499542144,47.14062324629534,47.215384322264434,47.29015789011956,47.36494361642777,47.43974116753822,47.51455020958809,47.589370408508564,47.664201430030715,47.73904293969155,47.813894602839845,47.8887560846422,47.96362705008899,48.038507164000336,48.11339609103209,48.18829349568186,48.26319904229496,48.338112395070425,48.41303321806709,48.4879611752095,48.56289593029398,48.637837146994684,48.712784488869595,48.78773761936655,48.86269620182933,48.937659899503636
42.31147388679536,42.38471732287112,42.45799423273734,42.531304309375614,42.604647245190904,42.678022732016515,42.75143046111906,42.82487012320344,42.89834140841793,42.97184400635913,43.045377606077096,43.118941896080386,43.19253656434116,43.26616129830032,43.33981578487261,43.41349971045183,43.48721276091598,43.560954621632426,43.63472497746319,43.70852351277012,43.78234991142019,43.85620385679072,43.93008503177471,44.00399311878611,44.07792779976519,44.151888756183865,44.22587566905099,44.29988821891786,44.373926085883504,44.447988949600116,44.522076489278525,44.596188383693594,44.67032431118972,44.74448394968622,44.818666976682984,44.8928730692658,44.967101904112035,45.04135315749605,45.115626505294834,45.18992162299354,45.26423818569108,45.33857586810569,45.41293434458062,45.48731328908966,45.561712375242855,45.63613127629212,45.71056966513691,45.78502721432993,45.8595035960828,45.93399848227177,46.00851154444342,46.08304245382047,46.15759088130736,46.2321564974962,46.30673897267241,46.38133797682052,46.45595317963001,46.53058425050106,46.60523085855035,46.679892672616965,46.754569361268125,46.82926059280512,46.903966035269114,46.978685356446995,47.05341822387729,47.12816430485603,47.20292326644267,47.277694775465875,47.352478498529635,47.42727410201897,47.502081252105995,47.576899614755824,47.651728855732465,47.726568640604846,47.80141863475271,47.87627850337259,47.95114791148384,48.0260265239345,48.10091400540743,48.175810020426184,48.25071423336102,48.32562630843498,48.4005459097298,48.475472701192004,48.550406346638866,48.6253465097645,48.70029285414583,48.77524504324861,48.85020274043356,48.925165608962295,49.000133312003456
42.37250775067346,42.44577910287969,42.51908367306786,42.592421153738755,42.66579123682055,42.73919361367399,42.81262797509724,42.886094011331,42.95959141206347,43.03311986643543,43.10667906304534,43.18026868995442,43.25388843469172,43.327537984259365,43.4012170251376,43.474925243290016,43.548662324168745,43.62242795271966,43.69622181338762,43.770043590121695,43.84389296638045,43.91776962513724,43.99167324888549,44.06560351964406,44.13956011896252,44.21354272792655,44.28755102716333,44.361584696846876,44.435643416703506,44.50972686601721,44.58383472363515,44.65796666797305,44.732122377020744,44.80630152834761,44.8805037991081,44.954728866047226,45.02897640550614,45.103246093427714,45.17753760536198,45.25185061647184,45.326184801538616,45.400539834967624,45.47491539079386,45.54931114268761,45.62372676396004,45.69816192756902,45.77261630612461,45.8470895718949,45.92158139681161,45.99609145247591,46.07061941016405,46.14516494083315,46.21972771512697,46.29430740338163,46.36890367563144,46.44351620161461,46.51814465077915,46.592788692288586,46.66744799502788,46.74212222760914,46.816811058377574,46.89151415541729,46.96623118655715,47.04096181937668,47.11570572121192,47.19046255916129,47.265232000091586,47.34001371064379,47.414807357239006,47.48961260608444,47.56442912317927,47.63925657432064,47.714094625109546,47.788942940956844,47.86380118708923,47.93866902855514,48.013546130230765,48.08843215682608,48.16332677289074,48.23822964282018,48.31314043086152,48.38805880111966,48.462984417563234,48.53791694403067,48.612856044236125,48.68780138177567,48.762752620133185,48.83770942268645,48.91267145271318,48.9876383733971,49.06260984783392
42.433564895745064,42.506863950941494,42.5801959679104,42.65356063867507,42.72695765469045,42.80038670684814,42.873847485481384,42.94733968037012,43.020862980746024,43.09441707529759,43.16800165217519,43.24161639899626,43.315261002850356,43.38893515030434,43.462638527407584,43.536370819697076,43.61013171220273,43.6839208894525,43.75773803547774,43.831582833818416,43.90545496752837,43.97935411918067,44.05327997087286,44.12723220423236,44.20121050042182,44.27521454014444,44.349244003649396,44.42329857073724,44.49737792076532,44.571481732653204,44.64560968488817,44.71976145553063,44.793936722219655,44.86813516217848,44.94235645221996,45.016600268752214,45.09086628778404,45.1651541849306,45.23946363541892,45.31379431409354,45.38814589542204,45.46251805350075,45.53691046206033,45.61132279447145,45.685754723750414,45.76020592256489,45.83467606323957,45.90916481776184,45.983671857787535,46.05819685464669,46.1327394793492,46.20729940259066,46.28187629475805,46.356469825935584,46.43107966591044,46.50570548417855,46.5803469499505,46.655003732157226,46.72967549945593,46.80436192023591,46.87906266262438,46.95377739449231,47.02850578346039,47.103247496904814,47.178002201963245,47.25276956554064,47.32754925431518,47.402340934744245,47.477144273070266,47.55195893532669,47.62678458734389,47.701620894755166,47.77646752300266,47.85132413734331,47.926190402854864,48.00106598444182,48.07595054684142,48.15084375462965,48.225745272227186,48.300654763905506,48.37557189379276,48.45049632587987,48.52542772402656,48.60036575196728,48.67531007331736,48.75026035157896,48.82521625014714,48.90017743231584,48.975143561284064,49.05011430016175,49.12508931197597
42.4946451444212,42.5679716891332,42.64133093901003,42.714722585601,42.78814631989126,42.86160183230676,42.935088812719314,43.00860695045161,43.082155934282305,43.15573545245114,43.229345192664,43.30298484209806,43.376654087406955,43.45035261472592,43.524080109677,43.59783625737425,43.67162074242891,43.74543324895477,43.81927346057329,43.893141060419,43.96703573114467,44.040957154926794,44.11490501347074,44.18887898801625,44.26287875934274,44.33690400777466,44.41095441318697,44.485029655010514,44.55912941223744,44.63325336342667,44.70740118670941,44.78157255979457,44.8557671599743,44.929984664129464,45.00422474873525,45.078487089866655,45.15277136320403,45.227077244038696,45.301404407278575,45.37575252745366,45.450121278721795,45.524510334874165,45.598919369341075,45.67334805519746,45.74779606516873,45.82226307163632,45.89674874664345,45.97125276190082,46.04577478879236,46.120314498380914,46.19487156141408,46.269445648329864,46.344036429262545,46.418643574048374,46.49326675223146,46.56790563306954,46.64255988553974,46.717229178344475,46.791913179917294,46.86661155842867,46.941323981791896,47.016050117668975,47.09078963347642,47.165542196391236,47.24030747335676,47.315085131088566,47.38987483608042,47.46467625461017,47.53948905274567,47.61431289635073,47.68914745109111,47.76399238244034,47.83884735568586,47.91371203593484,47.98858608812026,48.06346917700681,48.138360967196924,48.213261123136775,48.28816930912227,48.36308518930502,48.43800842769844,48.51293868818366,48.58787563451561,48.66281893032906,48.7377682391446,48.81272322437472,48.88768354932981,48.962648877224254,49.03761887118243,49.112593194244795,49.18757150937391
42.555748318834105,42.629102139255,42.702488407837805,42.775906815661344,42.84935705324441,42.92283881055083,42.99635177699446,43.06989564144428,43.1434700922295,43.21707481714461,43.29070950345457,43.36437383789988,43.43806750670184,43.51179019556766,43.585541589695694,43.65932137378064,43.7331292320188,43.80696484811333,43.88082790527956,43.954718086250196,44.028635073280704,44.10257854815464,44.17654819218896,44.25054368623941,44.32456471070594,44.398610945538,44.4726820702401,44.546777763877124,44.62089770507983,44.6950415720503,44.76920904256748,44.84339979399256,44.91761350327461,44.991849846956015,45.06610850117808,45.14038914168657,45.21469144383725,45.28901508260154,45.363359732572036,45.43772506796822,45.512110762641996,45.586516490083405,45.66094192342625,45.73538673545378,45.80985059860437,45.884333184977194,45.958834166338,46.03335321412476,46.10788999945346,46.182444193123814,46.257015465625045,46.33160348714163,46.406207927559116,46.48082845646989,46.55546474317898,46.63011645670992,46.7047832658105,46.77946483895866,46.8541608443683,46.92887094999521,47.00359482354282,47.078332132468184,47.1530825439878,47.22784572508355,47.30262134250855,47.37740906279313,47.45220855225069,47.527019476983696,47.601841502889556,47.67667429566659,47.751517520819995,47.82637084366777,47.901233929346766,47.97610644281854,48.05098804887542,48.12587841214648,48.200777197103506,48.275684068067044,48.35059868921233,48.42552072457539,48.50044983805899,48.57538569343869,48.650327954368834,48.725276284388656,48.80023034692822,48.87518980531451,48.95015432277752,49.02512356245618,49.100097187404536,49.17507486059768,49.25005624493796
42.61687424083907,42.690255122832546,42.76366819559264,42.83711314973116,42.910589675304045,42.984097461816475,43.0576361982279,43.13120557295711,43.20480527388738,43.27843498837156,43.35209440323721,43.4257832047918,43.49950107882786,43.57324771062817,43.647022784971064,43.72082598613549,43.79465699790646,43.86851550358023,43.94240118596955,44.0163137274091,44.0902528097607,44.16421811441869,44.238209322315335,44.312226113926144,44.3862681692753,44.46033516794108,44.53442678906126,44.608542711338586,44.682682613046204,44.75684617203319,44.83103306572998,44.90524297115396,44.9794755649149,45.05373052322057,45.12800752188226,45.20230623632036,45.27662634156996,45.35096751228639,45.425329422750934,45.49971174687639,45.57411415821268,45.64853632995261,45.72297793493746,45.797438645662666,45.87191813428357,45.94641607262107,46.02093213216739,46.095465984091746,46.17001729924621,46.24458574817131,46.31917100110196,46.39377272797308,46.46839059842556,46.54302428181187,46.617673447202094,46.69233776338954,46.76701689889675,46.841710521981206,46.91641830064132,46.99113990262215,47.06587499542144,47.14062324629534,47.215384322264434,47.29015789011956,47.36494361642777,47.43974116753822,47.51455020958809,47.589370408508564,47.66420143003073,47.73904293969155,47.813894602839845,47.8887560846422,47.96362705008899,48.038507164000336,48.11339609103209,48.18829349568186,48.26319904229496,48.338112395070425,48.41303321806709,48.4879611752095,48.56289593029398,48.637837146994684,48.7127844888696,48.78773761936656,48.86269620182933,48.937659899503636,49.01262837554316,49.08760129301567,49.16257831490904,49.237559104137254,49.31254332354657
42.678022732016515,42.75143046111906,42.82487012320344,42.89834140841793,42.97184400635913,43.045377606077096,43.118941896080386,43.19253656434116,43.26616129830032,43.33981578487261,43.41349971045183,43.48721276091598,43.560954621632426,43.63472497746319,43.70852351277012,43.78234991142019,43.85620385679072,43.93008503177471,44.00399311878611,44.07792779976519,44.151888756183865,44.225875669051,44.29988821891786,44.373926085883504,44.447988949600116,44.522076489278525,44.596188383693594,44.67032431118972,44.74448394968622,44.818666976682984,44.8928730692658,44.967101904112035,45.04135315749605,45.115626505294834,45.18992162299354,45.26423818569108,45.33857586810569,45.41293434458062,45.48731328908966,45.561712375242855,45.63613127629212,45.71056966513691,45.78502721432993,45.8595035960828,45.93399848227177,46.00851154444342,46.08304245382047,46.15759088130736,46.2321564974962,46.30673897267241,46.38133797682052,46.45595317963001,46.53058425050106,46.60523085855035,46.679892672616965,46.754569361268125,46.82926059280512,46.903966035269114,46.978685356446995,47.05341822387729,47.12816430485603,47.20292326644267,47.277694775465875,47.352478498529635,47.42727410201897,47.502081252105995,47.576899614755824,47.65172885573248,47.726568640604846,47.80141863475271,47.87627850337259,47.95114791148384,48.0260265239345,48.10091400540743,48.175810020426184,48.25071423336102,48.32562630843498,48.4005459097298,48.475472701192004,48.550406346638866,48.6253465097645,48.70029285414583,48.775245043248624,48.85020274043356,48.925165608962295,49.000133312003456,49.07510551263868,49.15008187386872,49.22506205861951,49.30004572974813,49.375032550048964
42.73919361367399,42.81262797509724,42.886094011331,42.95959141206347,43.03311986643543,43.10667906304534,43.18026868995442,43.25388843469172,43.327537984259365,43.4012170251376,43.474925243290016,43.548662324168745,43.62242795271966,43.69622181338762,43.770043590121695,43.84389296638045,43.91776962513724,43.99167324888549,44.06560351964406,44.13956011896252,44.21354272792655,44.28755102716333,44.361584696846876,44.435643416703506,44.50972686601722,44.58383472363515,44.65796666797305,44.732122377020744,44.80630152834761,44.8805037991081,44.954728866047226,45.02897640550614,45.103246093427714,45.17753760536198,45.25185061647184,45.326184801538616,45.400539834967624,45.47491539079386,45.54931114268761,45.62372676396004,45.69816192756902,45.77261630612461,45.8470895718949,45.92158139681161,45.99609145247591,46.07061941016405,46.14516494083315,46.21972771512697,46.29430740338163,46.36890367563144,46.44351620161461,46.51814465077915,46.592788692288586,46.66744799502788,46.74212222760914,46.816811058377574,46.89151415541729,46.96623118655715,47.04096181937668,47.11570572121192,47.19046255916129,47.265232000091586,47.34001371064379,47.414807357239006,47.48961260608444,47.56442912317927,47.63925657432064,47.714094625109546,47.78894294095686,47.86380118708923,47.93866902855514,48.013546130230765,48.08843215682608,48.16332677289074,48.23822964282018,48.31314043086152,48.38805880111966,48.462984417563234,48.53791694403067,48.612856044236125,48.68780138177567,48.762752620133185,48.83770942268645,48.91267145271318,48.9876383733971,49.06260984783392,49.13758553903749,49.21256510994573,49.287548223426796,49.36253454228514,49.437523729267454
42.80038670684814,42.873847485481384,42.94733968037012,43.020862980746024,43.09441707529759,43.16800165217519,43.24161639899626,43.315261002850356,43.38893515030434,43.462638527407584,43.536370819697076,43.61013171220273,43.6839208894525,43.75773803547774,43.831582833818416,43.90545496752837,43.97935411918067,44.05327997087286,44.12723220423236,44.20121050042182,44.27521454014444,44.3492440036494,44.42329857073724,44.49737792076532,44.571481732653204,44.64560968488817,44.71976145553063,44.793936722219655,44.86813516217848,44.94235645221996,45.016600268752214,45.09086628778404,45.1651541849306,45.23946363541892,45.31379431409354,45.38814589542204,45.46251805350075,45.53691046206033,45.61132279447145,45.685754723750414,45.76020592256489,45.83467606323957,45.90916481776184,45.983671857787535,46.05819685464669,46.132739479349205,46.207299402590664,46.28187629475805,46.356469825935584,46.43107966591044,46.50570548417855,46.5803469499505,46.655003732157226,46.72967549945593,46.80436192023591,46.87906266262438,46.95377739449231,47.02850578346039,47.103247496904814,47.178002201963245,47.25276956554064,47.32754925431518,47.402340934744245,47.477144273070266,47.55195893532669,47.62678458734389,47.701620894755166,47.77646752300266,47.85132413734331,47.926190402854864,48.00106598444182,48.07595054684142,48.15084375462965,48.225745272227186,48.300654763905506,48.37557189379276,48.45049632587987,48.52542772402656,48.60036575196728,48.67531007331736,48.75026035157896,48.82521625014714,48.90017743231584,48.975143561284064,49.05011430016175,49.12508931197597,49.20006825967688,49.275050806143874,49.350036614191545,49.42502534657583,49.50001666600003
42.86160183230677,42.935088812719314,43.00860695045161,43.082155934282305,43.15573545245114,43.229345192664,43.30298484209806,43.376654087406955,43.45035261472592,43.524080109677,43.59783625737425,43.67162074242891,43.74543324895477,43.81927346057329,43.893141060419,43.96703573114467,44.040957154926794,44.11490501347074,44.18887898801625,44.26287875934274,44.33690400777466,44.41095441318697,44.485029655010514,44.55912941223744,44.63325336342667,44.70740118670941,44.78157255979457,44.8557671599743,44.929984664129464,45.00422474873525,45.078487089866655,45.15277136320403,45.227077244038696,45.301404407278575,45.37575252745366,45.450121278721795,45.524510334874165,45.598919369341075,45.67334805519746,45.74779606516873,45.82226307163632,45.89674874664345,45.97125276190082,46.04577478879236,46.120314498380914,46.19487156141408,46.269445648329864,46.344036429262545,46.418643574048374,46.49326675223146,46.56790563306954,46.64255988553974,46.717229178344475,46.791913179917294,46.86661155842867,46.941323981791896,47.016050117668975,47.09078963347642,47.165542196391236,47.24030747335676,47.315085131088566,47.38987483608042,47.46467625461017,47.53948905274567,47.61431289635073,47.68914745109111,47.76399238244034,47.83884735568586,47.91371203593484,47.98858608812026,48.06346917700681,48.138360967196924,48.213261123136775,48.28816930912227,48.36308518930502,48.43800842769844,48.51293868818366,48.58787563451561,48.66281893032906,48.737768239144614,48.81272322437472,48.88768354932981,48.96264887722426,49.037618871182445,49.112593194244795,49.18757150937391,49.26255347946053,49.33753876732964,49.41252703574653,49.48751794742285,49.56251116502266
42.92283881055083,42.99635177699446,43.06989564144428,43.1434700922295,43.21707481714461,43.290709503454565,43.36437383789988,43.43806750670184,43.51179019556766,43.585541589695694,43.65932137378063,43.7331292320188,43.80696484811333,43.88082790527956,43.954718086250196,44.028635073280704,44.10257854815464,44.17654819218896,44.25054368623941,44.324564710705936,44.398610945538,44.4726820702401,44.546777763877124,44.62089770507983,44.6950415720503,44.76920904256747,44.84339979399255,44.9176135032746,44.991849846956015,45.06610850117808,45.14038914168657,45.214691443837246,45.28901508260154,45.363359732572036,45.43772506796822,45.512110762641996,45.586516490083405,45.66094192342625,45.73538673545378,45.809850598604356,45.884333184977194,45.958834166338,46.03335321412476,46.10788999945346,46.182444193123814,46.257015465625045,46.33160348714163,46.406207927559116,46.48082845646987,46.55546474317898,46.63011645670992,46.7047832658105,46.77946483895866,46.8541608443683,46.92887094999521,47.00359482354282,47.078332132468184,47.1530825439878,47.22784572508355,47.30262134250855,47.37740906279312,47.45220855225069,47.527019476983696,47.601841502889556,47.67667429566659,47.751517520819995,47.82637084366777,47.90123392934676,47.97610644281854,48.05098804887541,48.12587841214648,48.200777197103506,48.275684068067044,48.35059868921233,48.42552072457539,48.50044983805899,48.57538569343869,48.650327954368834,48.725276284388656,48.80023034692822,48.87518980531451,48.95015432277752,49.02512356245618,49.100097187404536,49.17507486059768,49.25005624493796,49.325041003260864,49.40002879834122,49.475019292899184,49.550012149606346,49.6250070310918
42.984097461816475,43.0576361982279,43.13120557295711,43.20480527388738,43.27843498837156,43.35209440323721,43.4257832047918,43.49950107882786,43.57324771062817,43.647022784971064,43.72082598613549,43.79465699790646,43.86851550358023,43.94240118596955,44.0163137274091,44.0902528097607,44.16421811441869,44.238209322315335,44.312226113926144,44.3862681692753,44.46033516794108,44.53442678906126,44.608542711338586,44.68268261304622,44.75684617203319,44.83103306572998,44.90524297115396,44.9794755649149,45.05373052322057,45.12800752188226,45.20230623632036,45.27662634156996,45.35096751228639,45.425329422750934,45.49971174687639,45.57411415821268,45.64853632995261,45.72297793493746,45.797438645662666,45.87191813428357,45.94641607262107,46.02093213216739,46.095465984091746,46.17001729924621,46.244585748171325,46.31917100110196,46.393772727973094,46.46839059842556,46.54302428181187,46.617673447202094,46.69233776338954,46.76701689889675,46.841710521981206,46.91641830064132,46.991139902622166,47.06587499542144,47.14062324629534,47.215384322264434,47.29015789011956,47.36494361642777,47.43974116753822,47.51455020958809,47.589370408508564,47.66420143003073,47.73904293969155,47.813894602839845,47.8887560846422,47.96362705008899,48.038507164000336,48.11339609103209,48.18829349568186,48.26319904229496,48.338112395070425,48.41303321806709,48.4879611752095,48.56289593029398,48.637837146994684,48.7127844888696,48.78773761936656,48.86269620182933,48.937659899503636,49.01262837554316,49.08760129301567,49.16257831490904,49.237559104137254,49.31254332354657,49.387530635921486,49.46252070399087,49.53751319043397,49.61250775788654,49.68750406894683
43.045377606077096,43.118941896080386,43.19253656434116,43.26616129830032,43.33981578487261,43.41349971045183,43.48721276091598,43.560954621632426,43.63472497746319,43.70852351277012,43.782349911420184,43.85620385679072,43.9300850317747,44.003993118786106,44.07792779976519,44.151888756183865,44.22587566905099,44.29988821891786,44.373926085883504,44.447988949600116,44.522076489278525,44.596188383693594,44.67032431118972,44.74448394968622,44.818666976682984,44.8928730692658,44.967101904112035,45.04135315749605,45.11562650529483,45.18992162299354,45.26423818569108,45.33857586810569,45.41293434458062,45.48731328908966,45.561712375242855,45.63613127629212,45.71056966513691,45.78502721432993,45.8595035960828,45.93399848227177,46.00851154444342,46.08304245382047,46.15759088130736,46.2321564974962,46.30673897267241,46.38133797682052,46.45595317963001,46.53058425050106,46.60523085855035,46.679892672616965,46.754569361268125,46.82926059280512,46.903966035269114,46.978685356446995,47.05341822387729,47.12816430485603,47.20292326644267,47.277694775465875,47.352478498529635,47.42727410201897,47.502081252105995,47.576899614755824,47.651728855732465,47.726568640604846,47.80141863475271,47.87627850337259,47.95114791148384,48.0260265239345,48.10091400540743,48.175810020426184,48.25071423336102,48.32562630843498,48.40054590972979,48.475472701192,48.550406346638866,48.6253465097645,48.70029285414583,48.77524504324861,48.85020274043356,48.925165608962295,49.000133312003456,49.07510551263868,49.15008187386872,49.22506205861951,49.30004572974813,49.375032550048964,49.45002218225971,49.52501428906749,49.60000853311489,49.675004577005986,49.750002083312495
43.10667906304534,43.18026868995442,43.25388843469172,43.327537984259365,43.4012170251376,43.474925243290016,43.548662324168745,43.62242795271966,43.69622181338762,43.770043590121695,43.84389296638045,43.91776962513724,43.99167324888549,44.06560351964406,44.13956011896252,44.21354272792655,44.28755102716333,44.361584696846876,44.435643416703506,44.50972686601722,44.58383472363515,44.65796666797306,44.732122377020744,44.80630152834762,44.8805037991081,44.954728866047226,45.02897640550614,45.103246093427714,45.17753760536198,45.25185061647184,45.326184801538616,45.400539834967624,45.47491539079386,45.54931114268761,45.62372676396004,45.69816192756902,45.77261630612461,45.8470895718949,45.92158139681161,45.99609145247591,46.07061941016405,46.14516494083315,46.21972771512697,46.29430740338164,46.36890367563144,46.44351620161461,46.51814465077915,46.592788692288586,46.66744799502788,46.74212222760914,46.816811058377574,46.89151415541729,46.96623118655715,47.04096181937668,47.11570572121192,47.1904625591613,47.265232000091586,47.34001371064379,47.414807357239006,47.48961260608444,47.56442912317927,47.63925657432064,47.714094625109546,47.78894294095686,47.86380118708923,47.93866902855514,48.013546130230765,48.08843215682608,48.16332677289074,48.23822964282018,48.31314043086152,48.38805880111966,48.462984417563234,48.53791694403067,48.612856044236125,48.68780138177567,48.762752620133185,48.83770942268645,48.91267145271318,48.9876383733971,49.06260984783392,49.13758553903749,49.21256510994573,49.287548223426796,49.36253454228514,49.437523729267454,49.51251544706888,49.58750935833897,49.66250512568784,49.737502411692155,49.812500878901304
43.16800165217519,43.24161639899626,43.315261002850356,43.38893515030434,43.462638527407584,43.536370819697076,43.61013171220273,43.683920889452494,43.75773803547774,43.831582833818416,43.90545496752837,43.97935411918067,44.05327997087286,44.12723220423236,44.20121050042182,44.27521454014444,44.349244003649396,44.42329857073724,44.49737792076532,44.571481732653204,44.64560968488817,44.71976145553063,44.793936722219655,44.86813516217848,44.94235645221996,45.016600268752214,45.09086628778404,45.1651541849306,45.23946363541892,45.31379431409354,45.38814589542203,45.46251805350075,45.53691046206033,45.61132279447145,45.685754723750414,45.76020592256489,45.83467606323957,45.90916481776184,45.983671857787535,46.05819685464669,46.1327394793492,46.20729940259066,46.28187629475805,46.356469825935584,46.43107966591044,46.50570548417855,46.5803469499505,46.655003732157226,46.72967549945593,46.80436192023591,46.87906266262438,46.95377739449231,47.02850578346039,47.103247496904814,47.178002201963245,47.25276956554064,47.32754925431518,47.402340934744245,47.477144273070266,47.55195893532669,47.62678458734389,47.701620894755166,47.77646752300266,47.85132413734331,47.926190402854864,48.00106598444182,48.07595054684142,48.15084375462965,48.225745272227186,48.300654763905506,48.37557189379276,48.45049632587987,48.52542772402656,48.60036575196728,48.67531007331736,48.75026035157896,48.82521625014714,48.90017743231584,48.975143561284064,49.05011430016175,49.12508931197597,49.20006825967688,49.275050806143874,49.350036614191545,49.42502534657583,49.50001666600003,49.57501023512087,49.650005716554624,49.725002772883116,49.80000106665984,49.875000260416016
43.229345192664,43.30298484209806,43.376654087406955,43.45035261472592,43.524080109677,43.59783625737425,43.67162074242891,43.74543324895477,43.81927346057329,43.893141060419,43.96703573114467,44.04095715492678,44.11490501347074,44.18887898801625,44.26287875934273,44.33690400777466,44.41095441318697,44.485029655010514,44.55912941223744,44.63325336342667,44.70740118670941,44.78157255979457,44.8557671599743,44.929984664129464,45.00422474873525,45.07848708986665,45.15277136320403,45.227077244038696,45.301404407278575,45.37575252745366,45.450121278721795,45.524510334874165,45.59891936934106,45.67334805519746,45.74779606516873,45.82226307163632,45.89674874664345,45.97125276190082,46.04577478879236,46.120314498380914,46.19487156141408,46.269445648329864,46.344036429262545,46.418643574048374,46.49326675223146,46.56790563306954,46.64255988553974,46.717229178344475,46.791913179917294,46.86661155842866,46.941323981791896,47.016050117668975,47.09078963347641,47.165542196391236,47.24030747335676,47.315085131088566,47.38987483608042,47.46467625461017,47.53948905274567,47.61431289635073,47.68914745109111,47.76399238244034,47.83884735568586,47.91371203593484,47.98858608812026,48.06346917700681,48.13836096719692,48.213261123136775,48.28816930912227,48.36308518930502,48.438008427698435,48.51293868818366,48.587875634515605,48.66281893032906,48.7377682391446,48.81272322437472,48.88768354932981,48.962648877224254,49.03761887118243,49.112593194244795,49.18757150937391,49.26255347946053,49.33753876732964,49.41252703574653,49.48751794742285,49.56251116502265,49.637506351168554,49.71250316844768,49.78750127941783,49.86250034661353,49.937500032552066
43.29070950345457,43.36437383789988,43.43806750670184,43.51179019556766,43.585541589695694,43.65932137378063,43.7331292320188,43.80696484811333,43.88082790527956,43.954718086250196,44.028635073280704,44.10257854815464,44.17654819218896,44.25054368623941,44.324564710705936,44.398610945538,44.4726820702401,44.546777763877124,44.62089770507983,44.6950415720503,44.76920904256748,44.84339979399256,44.91761350327461,44.991849846956015,45.06610850117808,45.14038914168657,45.214691443837246,45.28901508260154,45.363359732572036,45.43772506796822,45.512110762641996,45.586516490083405,45.66094192342625,45.73538673545378,45.809850598604356,45.884333184977194,45.958834166338,46.03335321412476,46.10788999945346,46.182444193123814,46.257015465625045,46.33160348714163,46.406207927559116,46.48082845646989,46.55546474317898,46.63011645670992,46.7047832658105,46.77946483895866,46.8541608443683,46.92887094999521,47.00359482354282,47.078332132468184,47.1530825439878,47.22784572508355,47.30262134250855,47.37740906279313,47.45220855225069,47.527019476983696,47.601841502889556,47.67667429566659,47.751517520819995,47.82637084366777,47.901233929346766,47.97610644281854,48.05098804887542,48.12587841214648,48.200777197103506,48.275684068067044,48.35059868921233,48.42552072457539,48.50044983805899,48.57538569343869,48.650327954368834,48.725276284388656,48.80023034692822,48.87518980531451,48.95015432277752,49.02512356245618,49.100097187404536,49.17507486059768,49.25005624493796,49.325041003260864,49.40002879834122,49.475019292899184,49.550012149606346,49.6250070310918,49.70000359994817,49.775001518737696,49.85000044999838,49.92500005624995,50.0
43.35209440323721,43.4257832047918,43.49950107882786,43.57324771062817,43.647022784971064,43.72082598613549,43.79465699790646,43.86851550358023,43.94240118596955,44.0163137274091,44.09025280976069,44.16421811441869,44.238209322315335,44.312226113926144,44.3862681692753,44.46033516794108,44.53442678906126,44.608542711338586,44.682682613046204,44.75684617203319,44.83103306572998,44.90524297115396,44.9794755649149,45.05373052322057,45.12800752188226,45.20230623632036,45.27662634156995,45.35096751228639,45.425329422750934,45.49971174687639,45.57411415821268,45.64853632995261,45.72297793493746,45.79743864566266,45.87191813428356,45.94641607262107,46.02093213216739,46.095465984091746,46.17001729924621,46.24458574817131,46.31917100110196,46.39377272797308,46.46839059842556,46.54302428181187,46.617673447202094,46.69233776338954,46.76701689889675,46.841710521981206,46.91641830064132,46.99113990262215,47.06587499542144,47.14062324629534,47.215384322264434,47.29015789011956,47.36494361642777,47.43974116753822,47.51455020958809,47.589370408508564,47.66420143003073,47.73904293969155,47.813894602839845,47.8887560846422,47.96362705008899,48.038507164000336,48.11339609103209,48.18829349568186,48.26319904229496,48.338112395070425,48.41303321806709,48.4879611752095,48.56289593029398,48.637837146994684,48.712784488869595,48.78773761936655,48.86269620182933,48.937659899503636,49.01262837554316,49.08760129301567,49.16257831490904,49.237559104137254,49.31254332354657,49.387530635921486,49.46252070399087,49.53751319043397,49.61250775788654,49.68750406894683,49.762501786181794,49.837500572132996,49.912500089322805,49.98750000026042,50.062499967447934
43.41349971045183,43.48721276091598,43.560954621632426,43.63472497746319,43.70852351277012,43.782349911420184,43.85620385679072,43.9300850317747,44.003993118786106,44.07792779976519,44.151888756183865,44.22587566905099,44.29988821891786,44.373926085883504,44.447988949600116,44.522076489278525,44.596188383693594,44.67032431118972,44.74448394968622,44.818666976682984,44.8928730692658,44.967101904112035,45.04135315749605,45.115626505294834,45.18992162299354,45.26423818569108,45.33857586810569,45.41293434458062,45.48731328908966,45.561712375242855,45.63613127629212,45.71056966513691,45.78502721432993,45.8595035960828,45.93399848227177,46.00851154444342,46.08304245382047,46.15759088130736,46.2321564974962,46.30673897267241,46.38133797682052,46.45595317963001,46.53058425050106,46.60523085855035,46.679892672616965,46.754569361268125,46.82926059280512,46.903966035269114,46.978685356446995,47.05341822387729,47.12816430485603,47.20292326644267,47.277694775465875,47.352478498529635,47.42727410201897,47.502081252105995,47.576899614755824,47.65172885573248,47.726568640604846,47.80141863475271,47.87627850337259,47.95114791148384,48.0260265239345,48.10091400540743,48.175810020426184,48.25071423336102,48.32562630843498,48.4005459097298,48.475472701192,48.550406346638866,48.6253465097645,48.70029285414583,48.77524504324861,48.85020274043356,48.925165608962295,49.000133312003456,49.07510551263868,49.15008187386872,49.22506205861951,49.30004572974813,49.375032550048964,49.45002218225971,49.52501428906749,49.60000853311489,49.675004577005986,49.750002083312495,49.82500071457983,49.900000133333116,49.975000002083334,50.049999983333336,50.124999739583984
43.474925243290016,43.548662324168745,43.62242795271966,43.69622181338762,43.770043590121695,43.84389296638044,43.91776962513724,43.99167324888549,44.06560351964406,44.13956011896252,44.21354272792655,44.28755102716333,44.361584696846876,44.435643416703506,44.50972686601721,44.58383472363515,44.65796666797305,44.732122377020744,44.80630152834761,44.8805037991081,44.954728866047226,45.02897640550614,45.103246093427714,45.17753760536198,45.25185061647184,45.326184801538616,45.400539834967624,45.47491539079386,45.54931114268759,45.62372676396004,45.69816192756901,45.77261630612461,45.8470895718949,45.92158139681161,45.99609145247591,46.07061941016405,46.14516494083315,46.21972771512697,46.29430740338163,46.36890367563144,46.44351620161461,46.51814465077915,46.592788692288586,46.66744799502788,46.74212222760914,46.816811058377574,46.89151415541729,46.96623118655715,47.04096181937668,47.11570572121192,47.19046255916129,47.265232000091586,47.34001371064379,47.414807357239006,47.48961260608444,47.56442912317927,47.63925657432064,47.714094625109546,47.78894294095686,47.86380118708923,47.93866902855514,48.013546130230765,48.08843215682608,48.16332677289074,48.23822964282018,48.31314043086152,48.38805880111966,48.462984417563234,48.53791694403067,48.612856044236125,48.68780138177567,48.762752620133185,48.83770942268645,48.91267145271318,48.9876383733971,49.06260984783392,49.13758553903749,49.21256510994573,49.287548223426796,49.36253454228514,49.437523729267454,49.51251544706888,49.58750935833897,49.66250512568784,49.737502411692155,49.812500878901304,49.88750018984336,49.962500007031245,50.03749999296875,50.11249981015663,50.18749912109869
43.536370819697076,43.61013171220273,43.6839208894525,43.75773803547774,43.831582833818416,43.90545496752837,43.97935411918067,44.05327997087286,44.12723220423236,44.20121050042182,44.27521454014444,44.349244003649396,44.42329857073724,44.49737792076532,44.571481732653204,44.64560968488817,44.71976145553063,44.793936722219655,44.86813516217848,44.94235645221996,45.016600268752214,45.09086628778404,45.1651541849306,45.23946363541892,45.31379431409354,45.38814589542203,45.46251805350075,45.53691046206033,45.61132279447145,45.685754723750414,45.76020592256489,45.83467606323957,45.90916481776184,45.983671857787535,46.05819685464669,46.1327394793492,46.20729940259066,46.28187629475805,46.356469825935584,46.43107966591044,46.50570548417855,46.5803469499505,46.655003732157226,46.72967549945593,46.80436192023591,46.87906266262438,46.95377739449231,47.02850578346039,47.103247496904814,47.178002201963245,47.25276956554064,47.32754925431518,47.402340934744245,47.477144273070266,47.55195893532669,47.62678458734389,47.701620894755166,47.77646752300266,47.85132413734331,47.926190402854864,48.00106598444182,48.07595054684142,48.15084375462965,48.225745272227186,48.300654763905506,48.37557189379276,48.45049632587987,48.52542772402656,48.60036575196728,48.67531007331736,48.75026035157896,48.82521625014714,48.90017743231584,48.975143561284064,49.05011430016175,49.12508931197597,49.20006825967688,49.275050806143874,49.350036614191545,49.42502534657583,49.50001666600003,49.57501023512088,49.650005716554624,49.725002772883116,49.80000106665984,49.875000260416016,49.95000001666665,50.024999997916666,50.09999986666688,50.174999285420164,50.24999791668749
43.59783625737425,43.67162074242891,43.74543324895477,43.81927346057329,43.893141060419,43.96703573114467,44.04095715492678,44.11490501347074,44.18887898801625,44.26287875934273,44.33690400777466,44.41095441318697,44.485029655010514,44.55912941223744,44.63325336342667,44.70740118670941,44.78157255979457,44.8557671599743,44.929984664129464,45.00422474873525,45.078487089866655,45.15277136320403,45.227077244038696,45.301404407278575,45.37575252745366,45.450121278721795,45.524510334874165,45.59891936934106,45.67334805519746,45.74779606516873,45.82226307163632,45.89674874664345,45.97125276190082,46.04577478879236,46.120314498380914,46.19487156141408,46.269445648329864,46.344036429262545,46.418643574048374,46.49326675223146,46.56790563306954,46.64255988553974,46.717229178344475,46.791913179917294,46.86661155842867,46.941323981791896,47.016050117668975,47.09078963347641,47.165542196391236,47.24030747335676,47.315085131088566,47.38987483608042,47.46467625461017,47.53948905274567,47.61431289635073,47.68914745109111,47.76399238244034,47.83884735568586,47.91371203593484,47.98858608812026,48.06346917700681,48.13836096719692,48.213261123136775,48.28816930912227,48.36308518930502,48.438008427698435,48.51293868818366,48.587875634515605,48.66281893032906,48.7377682391446,48.81272322437472,48.88768354932981,48.962648877224254,49.03761887118243,49.112593194244795,49.18757150937391,49.26255347946053,49.33753876732964,49.41252703574653,49.48751794742285,49.56251116502266,49.637506351168554,49.71250316844768,49.78750127941783,49.86250034661353,49.937500032552066,50.01249999973958,50.08749991067719,50.162499427867004,50.2374982138182,50.31249593105316
43.65932137378064,43.7331292320188,43.80696484811333,43.88082790527956,43.954718086250196,44.028635073280704,44.10257854815464,44.17654819218896,44.25054368623941,44.324564710705936,44.398610945538,44.4726820702401,44.546777763877124,44.62089770507983,44.6950415720503,44.76920904256748,44.84339979399256,44.91761350327461,44.991849846956015,45.06610850117808,45.14038914168657,45.21469144383725,45.28901508260154,45.363359732572036,45.43772506796822,45.512110762641996,45.586516490083405,45.66094192342625,45.73538673545378,45.809850598604356,45.884333184977194,45.958834166338,46.03335321412476,46.10788999945346,46.182444193123814,46.257015465625045,46.33160348714163,46.406207927559116,46.48082845646989,46.55546474317898,46.63011645670992,46.7047832658105,46.77946483895866,46.8541608443683,46.92887094999521,47.00359482354282,47.078332132468184,47.1530825439878,47.22784572508355,47.30262134250855,47.37740906279313,47.45220855225069,47.527019476983696,47.601841502889556,47.67667429566659,47.751517520819995,47.82637084366777,47.901233929346766,47.97610644281854,48.05098804887542,48.12587841214648,48.200777197103506,48.275684068067044,48.35059868921233,48.42552072457539,48.50044983805899,48.57538569343869,48.650327954368834,48.725276284388656,48.80023034692822,48.87518980531451,48.95015432277752,49.02512356245618,49.100097187404536,49.17507486059768,49.25005624493796,49.325041003260864,49.40002879834122,49.475019292899184,49.55001214960635,49.6250070310918,49.70000359994817,49.775001518737696,49.85000044999838,49.92500005624995,50.0,50.07499994375005,50.149999550001624,50.224998481262304,50.29999640005184,50.374992968908195
43.72082598613549,43.79465699790646,43.86851550358023,43.94240118596955,44.0163137274091,44.09025280976069,44.16421811441869,44.238209322315335,44.312226113926144,44.3862681692753,44.46033516794108,44.53442678906126,44.608542711338586,44.682682613046204,44.75684617203319,44.83103306572998,44.90524297115396,44.9794755649149,45.05373052322057,45.12800752188226,45.20230623632036,45.27662634156996,45.35096751228639,45.425329422750934,45.49971174687639,45.57411415821268,45.64853632995261,45.72297793493746,45.79743864566266,45.87191813428356,45.94641607262107,46.02093213216739,46.095465984091746,46.17001729924621,46.24458574817131,46.31917100110196,46.39377272797308,46.46839059842556,46.54302428181187,46.617673447202094,46.69233776338954,46.76701689889675,46.841710521981206,46.91641830064132,46.99113990262215,47.06587499542144,47.14062324629534,47.215384322264434,47.29015789011956,47.36494361642777,47.43974116753822,47.51455020958809,47.589370408508564,47.66420143003073,47.73904293969155,47.813894602839845,47.8887560846422,47.96362705008899,48.038507164000336,48.11339609103209,48.18829349568186,48.26319904229496,48.338112395070425,48.41303321806709,48.4879611752095,48.56289593029398,48.637837146994684,48.712784488869595,48.78773761936655,48.86269620182933,48.937659899503636,49.01262837554316,49.08760129301567,49.162578314909034,49.237559104137254,49.31254332354657,49.387530635921486,49.46252070399087,49.53751319043397,49.61250775788654,49.68750406894683,49.762501786181794,49.837500572132996,49.912500089322805,49.98750000026042,50.062499967447934,50.13749965338646,50.21249872058217,50.287496831552325,50.36249364883145,50.43748883497735
43.78234991142019,43.85620385679072,43.93008503177471,44.00399311878611,44.07792779976519,44.151888756183865,44.22587566905099,44.29988821891786,44.373926085883504,44.447988949600116,44.522076489278525,44.596188383693594,44.67032431118972,44.74448394968622,44.818666976682984,44.8928730692658,44.967101904112035,45.04135315749605,45.115626505294834,45.18992162299354,45.26423818569108,45.33857586810569,45.41293434458062,45.48731328908966,45.561712375242855,45.63613127629212,45.71056966513691,45.78502721432993,45.8595035960828,45.93399848227177,46.00851154444342,46.08304245382047,46.15759088130736,46.2321564974962,46.30673897267241,46.38133797682052,46.45595317963001,46.53058425050106,46.60523085855035,46.679892672616965,46.754569361268125,46.82926059280512,46.903966035269114,46.978685356446995,47.05341822387729,47.12816430485603,47.20292326644267,47.277694775465875,47.352478498529635,47.42727410201897,47.502081252105995,47.576899614755824,47.65172885573248,47.726568640604846,47.80141863475271,47.87627850337259,47.95114791148384,48.0260265239345,48.10091400540743,48.175810020426184,48.25071423336102,48.32562630843498,48.4005459097298,48.475472701192004,48.550406346638866,48.6253465097645,48.70029285414583,48.77524504324861,48.85020274043356,48.925165608962295,49.000133312003456,49.07510551263868,49.15008187386872,49.22506205861951,49.30004572974813,49.375032550048964,49.45002218225971,49.52501428906749,49.60000853311489,49.675004577005986,49.75000208331251,49.82500071457983,49.900000133333116,49.975000002083334,50.049999983333336,50.124999739583984,50.19999893334016,50.27499722711688,50.349994283445376,50.42498976487912,50.49998333399998
43.84389296638045,43.91776962513724,43.99167324888549,44.06560351964406,44.13956011896252,44.21354272792655,44.28755102716333,44.361584696846876,44.435643416703506,44.50972686601721,44.58383472363515,44.65796666797305,44.732122377020744,44.80630152834761,44.8805037991081,44.954728866047226,45.02897640550614,45.103246093427714,45.17753760536198,45.25185061647184,45.326184801538616,45.400539834967624,45.47491539079386,45.54931114268761,45.62372676396004,45.69816192756901,45.77261630612461,45.8470895718949,45.92158139681161,45.99609145247591,46.07061941016405,46.14516494083315,46.21972771512697,46.29430740338163,46.36890367563144,46.44351620161461,46.51814465077915,46.592788692288586,46.66744799502788,46.74212222760914,46.816811058377574,46.89151415541729,46.96623118655715,47.04096181937668,47.11570572121192,47.19046255916129,47.265232000091586,47.34001371064379,47.414807357239006,47.48961260608444,47.56442912317927,47.63925657432064,47.714094625109546,47.78894294095686,47.86380118708923,47.93866902855514,48.013546130230765,48.08843215682608,48.16332677289074,48.23822964282018,48.31314043086152,48.38805880111966,48.462984417563234,48.53791694403067,48.612856044236125,48.68780138177567,48.762752620133185,48.83770942268645,48.91267145271318,48.9876383733971,49.06260984783392,49.13758553903749,49.21256510994573,49.287548223426796,49.36253454228514,49.437523729267454,49.51251544706888,49.58750935833897,49.66250512568784,49.737502411692155,49.812500878901304,49.88750018984336,49.962500007031245,50.03749999296875,50.11249981015663,50.18749912109869,50.26249758830783,50.33749487431216,50.41249064166104,50.48748455293113,50.562476270732546
43.90545496752837,43.97935411918067,44.05327997087286,44.12723220423236,44.20121050042182,44.27521454014444,44.349244003649396,44.42329857073724,44.49737792076532,44.571481732653204,44.64560968488817,44.71976145553063,44.793936722219655,44.86813516217848,44.94235645221996,45.016600268752214,45.09086628778404,45.1651541849306,45.23946363541892,45.31379431409354,45.38814589542204,45.46251805350075,45.53691046206033,45.61132279447145,45.685754723750414,45.76020592256489,45.83467606323957,45.90916481776184,45.983671857787535,46.05819685464669,46.1327394793492,46.20729940259066,46.28187629475805,46.356469825935584,46.43107966591044,46.50570548417855,46.5803469499505,46.655003732157226,46.72967549945593,46.80436192023591,46.87906266262438,46.95377739449231,47.02850578346039,47.103247496904814,47.178002201963245,47.25276956554064,47.32754925431518,47.402340934744245,47.477144273070266,47.55195893532669,47.62678458734389,47.701620894755166,47.77646752300266,47.85132413734331,47.926190402854864,48.00106598444182,48.07595054684142,48.15084375462965,48.225745272227186,48.300654763905506,48.37557189379276,48.45049632587987,48.52542772402656,48.60036575196728,48.67531007331736,48.75026035157896,48.82521625014714,48.90017743231584,48.975143561284064,49.05011430016175,49.12508931197597,49.20006825967688,49.275050806143874,49.350036614191545,49.42502534657583,49.50001666600003,49.57501023512088,49.650005716554624,49.725002772883116,49.80000106665984,49.87500026041602,49.95000001666665,50.024999997916666,50.09999986666688,50.174999285420164,50.24999791668749,50.324995422994014,50.39999146688512,50.47498571093251,50.549977817740285,50.62496744995104
43.96703573114467,44.040957154926794,44.11490501347074,44.18887898801625,44.26287875934274,44.33690400777466,44.41095441318697,44.485029655010514,44.55912941223744,44.63325336342667,44.70740118670941,44.78157255979457,44.8557671599743,44.929984664129464,45.00422474873525,45.078487089866655,45.15277136320403,45.227077244038696,45.301404407278575,45.37575252745366,45.450121278721795,45.524510334874165,45.598919369341075,45.67334805519746,45.74779606516873,45.82226307163632,45.89674874664345,45.97125276190082,46.04577478879236,46.120314498380914,46.19487156141408,46.269445648329864,46.344036429262545,46.418643574048374,46.49326675223146,46.56790563306954,46.64255988553974,46.717229178344475,46.791913179917294,46.86661155842867,46.941323981791896,47.016050117668975,47.09078963347642,47.165542196391236,47.24030747335676,47.315085131088566,47.38987483608042,47.46467625461017,47.53948905274567,47.61431289635073,47.68914745109111,47.76399238244034,47.83884735568586,47.91371203593484,47.98858608812026,48.06346917700681,48.138360967196924,48.213261123136775,48.28816930912227,48.36308518930502,48.438008427698435,48.51293868818366,48.587875634515605,48.66281893032906,48.737768239144614,48.81272322437472,48.88768354932981,48.962648877224254,49.03761887118243,49.112593194244795,49.18757150937391,49.26255347946053,49.33753876732964,49.41252703574653,49.48751794742285,49.56251116502266,49.637506351168554,49.71250316844768,49.78750127941783,49.86250034661353,49.937500032552066,50.01249999973958,50.08749991067719,50.162499427867004,50.2374982138182,50.31249593105316,50.38749224211346,50.46248680956603,50.537479296009124,50.61246936407851,50.68745667645342
44.028635073280704,44.10257854815464,44.17654819218896,44.25054368623941,44.32456471070594,44.398610945538,44.4726820702401,44.546777763877124,44.62089770507983,44.6950415720503,44.76920904256748,44.84339979399256,44.91761350327461,44.991849846956015,45.06610850117808,45.14038914168657,45.21469144383725,45.28901508260154,45.363359732572036,45.43772506796822,45.512110762641996,45.586516490083405,45.66094192342625,45.73538673545378,45.80985059860437,45.884333184977194,45.958834166338,46.03335321412476,46.10788999945346,46.182444193123814,46.257015465625045,46.33160348714163,46.406207927559116,46.48082845646989,46.55546474317898,46.63011645670992,46.7047832658105,46.77946483895866,46.8541608443683,46.92887094999521,47.00359482354282,47.078332132468184,47.1530825439878,47.22784572508355,47.30262134250855,47.37740906279313,47.45220855225069,47.527019476983696,47.601841502889556,47.67667429566659,47.751517520819995,47.82637084366777,47.901233929346766,47.97610644281854,48.05098804887542,48.12587841214648,48.200777197103506,48.275684068067044,48.35059868921233,48.42552072457539,48.50044983805899,48.57538569343869,48.650327954368834,48.725276284388656,48.80023034692822,48.87518980531451,48.95015432277752,49.02512356245618,49.100097187404536,49.17507486059768,49.25005624493796,49.325041003260864,49.40002879834122,49.475019292899184,49.55001214960635,49.6250070310918,49.70000359994817,49.775001518737696,49.85000044999838,49.92500005624995,50.0,50.07499994375005,50.149999550001624,50.224998481262304,50.29999640005184,50.374992968908195,50.44998785039364,50.524980707100816,50.59997120165879,50.674958996739136,50.749943755062034
44.0902528097607,44.16421811441869,44.238209322315335,44.312226113926144,44.3862681692753,44.46033516794108,44.53442678906126,44.608542711338586,44.682682613046204,44.75684617203319,44.83103306572998,44.90524297115396,44.9794755649149,45.05373052322057,45.12800752188226,45.20230623632036,45.27662634156996,45.35096751228639,45.425329422750934,45.49971174687639,45.57411415821268,45.64853632995261,45.72297793493746,45.797438645662666,45.87191813428357,45.94641607262107,46.02093213216739,46.095465984091746,46.17001729924621,46.24458574817131,46.31917100110196,46.39377272797308,46.46839059842556,46.54302428181187,46.617673447202094,46.69233776338954,46.76701689889675,46.841710521981206,46.91641830064132,46.99113990262215,47.06587499542144,47.14062324629534,47.215384322264434,47.29015789011956,47.36494361642777,47.43974116753822,47.51455020958809,47.589370408508564,47.66420143003073,47.73904293969155,47.813894602839845,47.8887560846422,47.96362705008899,48.038507164000336,48.11339609103209,48.18829349568186,48.26319904229496,48.338112395070425,48.41303321806709,48.4879611752095,48.56289593029398,48.637837146994684,48.712784488869595,48.78773761936656,48.86269620182933,48.937659899503636,49.01262837554316,49.08760129301567,49.16257831490904,49.237559104137254,49.31254332354657,49.387530635921486,49.46252070399087,49.53751319043397,49.61250775788654,49.68750406894683,49.762501786181794,49.837500572132996,49.912500089322805,49.98750000026042,50.062499967447934,50.13749965338646,50.21249872058217,50.287496831552325,50.36249364883145,50.43748883497735,50.512482052577155,50.587472964253465,50.66246123267035,50.737446520539464,50.81242849062608
44.151888756183865,44.225875669051,44.29988821891786,44.373926085883504,44.447988949600116,44.522076489278525,44.596188383693594,44.67032431118972,44.74448394968622,44.818666976682984,44.8928730692658,44.967101904112035,45.04135315749605,45.115626505294834,45.18992162299354,45.26423818569108,45.33857586810569,45.41293434458062,45.48731328908966,45.561712375242855,45.63613127629212,45.71056966513691,45.78502721432993,45.8595035960828,45.93399848227177,46.00851154444342,46.08304245382047,46.15759088130736,46.2321564974962,46.30673897267241,46.38133797682052,46.45595317963001,46.53058425050106,46.60523085855035,46.679892672616965,46.754569361268125,46.82926059280512,46.903966035269114,46.978685356446995,47.05341822387729,47.12816430485603,47.20292326644267,47.277694775465875,47.352478498529635,47.42727410201897,47.502081252105995,47.576899614755824,47.65172885573248,47.726568640604846,47.80141863475271,47.87627850337259,47.95114791148384,48.0260265239345,48.10091400540743,48.175810020426184,48.25071423336102,48.32562630843498,48.4005459097298,48.475472701192004,48.550406346638866,48.6253465097645,48.70029285414583,48.775245043248624,48.85020274043356,48.925165608962295,49.000133312003456,49.07510551263868,49.15008187386872,49.22506205861951,49.30004572974813,49.375032550048964,49.45002218225971,49.52501428906749,49.60000853311489,49.675004577005986,49.75000208331251,49.82500071457983,49.900000133333116,49.975000002083334,50.049999983333336,50.124999739583984,50.19999893334016,50.27499722711688,50.349994283445376,50.42498976487912,50.49998333399998,50.574974653424164,50.64996338580845,50.724949193856126,50.79993174032311,50.87491068802403
44.21354272792655,44.28755102716333,44.361584696846876,44.435643416703506,44.50972686601721,44.58383472363514,44.65796666797305,44.732122377020744,44.80630152834761,44.8805037991081,44.95472886604722,45.02897640550614,45.103246093427714,45.17753760536197,45.25185061647184,45.326184801538616,45.400539834967624,45.47491539079386,45.54931114268759,45.62372676396004,45.69816192756901,45.77261630612461,45.8470895718949,45.92158139681161,45.99609145247591,46.07061941016405,46.14516494083315,46.219727715126965,46.29430740338163,46.36890367563144,46.44351620161461,46.518144650779135,46.592788692288586,46.66744799502788,46.74212222760913,46.816811058377574,46.89151415541729,46.96623118655715,47.04096181937668,47.11570572121191,47.19046255916129,47.265232000091586,47.34001371064379,47.414807357239006,47.48961260608444,47.56442912317927,47.63925657432064,47.714094625109546,47.788942940956844,47.86380118708923,47.93866902855514,48.013546130230765,48.08843215682608,48.16332677289074,48.23822964282018,48.31314043086152,48.38805880111966,48.462984417563234,48.53791694403067,48.612856044236125,48.68780138177567,48.762752620133185,48.83770942268645,48.91267145271318,48.9876383733971,49.06260984783392,49.13758553903749,49.212565109945714,49.287548223426796,49.36253454228514,49.437523729267454,49.51251544706888,49.58750935833897,49.66250512568784,49.737502411692155,49.812500878901304,49.88750018984336,49.962500007031245,50.03749999296875,50.11249981015663,50.18749912109869,50.26249758830783,50.33749487431216,50.41249064166104,50.487484552931114,50.56247627073254,50.63746545771486,50.7124517765732,50.78743489005427,50.86241446096251,50.937390152166074
44.27521454014444,44.3492440036494,44.42329857073724,44.49737792076532,44.571481732653204,44.64560968488817,44.71976145553063,44.793936722219655,44.86813516217848,44.94235645221996,45.016600268752214,45.09086628778404,45.1651541849306,45.23946363541892,45.31379431409354,45.38814589542204,45.46251805350075,45.53691046206033,45.61132279447145,45.685754723750414,45.76020592256489,45.83467606323957,45.90916481776184,45.983671857787535,46.05819685464669,46.1327394793492,46.20729940259066,46.28187629475805,46.356469825935584,46.43107966591044,46.50570548417855,46.5803469499505,46.655003732157226,46.72967549945593,46.80436192023591,46.87906266262438,46.95377739449231,47.02850578346039,47.103247496904814,47.178002201963245,47.25276956554064,47.32754925431518,47.402340934744245,47.477144273070266,47.55195893532669,47.62678458734389,47.701620894755166,47.77646752300266,47.85132413734331,47.926190402854864,48.00106598444182,48.07595054684142,48.15084375462965,48.225745272227186,48.300654763905506,48.37557189379276,48.45049632587987,48.52542772402656,48.60036575196728,48.67531007331736,48.75026035157896,48.82521625014714,48.90017743231584,48.975143561284064,49.05011430016175,49.12508931197597,49.20006825967688,49.275050806143874,49.350036614191545,49.42502534657583,49.50001666600003,49.57501023512088,49.650005716554624,49.725002772883116,49.80000106665984,49.87500026041602,49.95000001666665,50.024999997916666,50.09999986666688,50.174999285420164,50.249997916687505,50.324995422994014,50.39999146688512,50.47498571093251,50.549977817740285,50.62496744995104,50.69995427025188,50.77493794138049,50.84991812613128,50.92489448736133,50.99986668799655
44.33690400777466,44.41095441318697,44.485029655010514,44.55912941223744,44.63325336342667,44.70740118670941,44.78157255979457,44.8557671599743,44.929984664129464,45.00422474873525,45.078487089866655,45.15277136320403,45.227077244038696,45.301404407278575,45.37575252745366,45.450121278721795,45.524510334874165,45.59891936934106,45.67334805519746,45.74779606516873,45.82226307163632,45.89674874664345,45.97125276190082,46.04577478879236,46.120314498380914,46.19487156141408,46.269445648329864,46.344036429262545,46.418643574048374,46.49326675223146,46.56790563306954,46.64255988553974,46.717229178344475,46.791913179917294,46.86661155842867,46.941323981791896,47.016050117668975,47.09078963347641,47.165542196391236,47.24030747335676,47.315085131088566,47.38987483608042,47.46467625461017,47.53948905274567,47.61431289635073,47.68914745109111,47.76399238244034,47.83884735568586,47.91371203593484,47.98858608812026,48.06346917700681,48.13836096719692,48.213261123136775,48.28816930912227,48.36308518930502,48.438008427698435,48.51293868818366,48.587875634515605,48.66281893032906,48.7377682391446,48.81272322437472,48.88768354932981,48.962648877224254,49.03761887118243,49.112593194244795,49.18757150937391,49.26255347946053,49.33753876732964,49.41252703574653,49.48751794742285,49.56251116502265,49.637506351168554,49.71250316844768,49.78750127941783,49.86250034661353,49.937500032552066,50.01249999973958,50.08749991067719,50.162499427867004,50.2374982138182,50.31249593105316,50.38749224211346,50.46248680956603,50.537479296009124,50.61246936407851,50.68745667645342,50.76244089586274,50.837421685090966,50.91239870698433,50.98737162445685,51.06234010049637
44.398610945538,44.4726820702401,44.546777763877124,44.62089770507983,44.6950415720503,44.76920904256748,44.84339979399256,44.91761350327461,44.991849846956015,45.06610850117808,45.14038914168657,45.21469144383725,45.28901508260154,45.363359732572036,45.43772506796822,45.512110762641996,45.586516490083405,45.66094192342625,45.73538673545378,45.809850598604356,45.884333184977194,45.958834166338,46.03335321412476,46.10788999945346,46.182444193123814,46.257015465625045,46.33160348714163,46.406207927559116,46.48082845646989,46.55546474317898,46.63011645670992,46.7047832658105,46.77946483895866,46.8541608443683,46.92887094999521,47.00359482354282,47.078332132468184,47.1530825439878,47.22784572508355,47.30262134250855,47.37740906279313,47.45220855225069,47.527019476983696,47.601841502889556,47.67667429566659,47.751517520819995,47.82637084366777,47.901233929346766,47.97610644281854,48.05098804887542,48.12587841214648,48.200777197103506,48.275684068067044,48.35059868921233,48.42552072457539,48.50044983805899,48.57538569343869,48.650327954368834,48.725276284388656,48.80023034692822,48.87518980531451,48.95015432277752,49.02512356245618,49.100097187404536,49.17507486059768,49.25005624493796,49.325041003260864,49.40002879834122,49.475019292899184,49.55001214960635,49.6250070310918,49.70000359994817,49.775001518737696,49.85000044999838,49.92500005624995,50.0,50.07499994375005,50.149999550001624,50.224998481262304,50.29999640005184,50.374992968908195,50.44998785039364,50.524980707100816,50.59997120165879,50.674958996739136,50.749943755062034,50.82492513940231,50.899902812595464,50.97487643754381,51.049845677222486,51.12481019468548
44.46033516794108,44.53442678906126,44.608542711338586,44.682682613046204,44.75684617203319,44.83103306572998,44.90524297115396,44.9794755649149,45.05373052322057,45.12800752188226,45.20230623632036,45.27662634156996,45.35096751228639,45.425329422750934,45.49971174687639,45.57411415821268,45.64853632995261,45.72297793493746,45.79743864566266,45.87191813428356,45.94641607262107,46.02093213216739,46.095465984091746,46.17001729924621,46.24458574817131,46.31917100110196,46.39377272797308,46.46839059842556,46.54302428181187,46.617673447202094,46.69233776338954,46.76701689889675,46.841710521981206,46.91641830064132,46.99113990262215,47.06587499542144,47.14062324629534,47.215384322264434,47.29015789011956,47.36494361642777,47.43974116753822,47.51455020958809,47.589370408508564,47.66420143003073,47.73904293969155,47.813894602839845,47.8887560846422,47.96362705008899,48.038507164000336,48.11339609103209,48.18829349568186,48.26319904229496,48.338112395070425,48.41303321806709,48.4879611752095,48.56289593029398,48.637837146994684,48.712784488869595,48.78773761936656,48.86269620182933,48.937659899503636,49.01262837554316,49.08760129301567,49.16257831490904,49.237559104137254,49.31254332354657,49.387530635921486,49.46252070399087,49.53751319043397,49.61250775788654,49.68750406894683,49.762501786181794,49.837500572132996,49.912500089322805,49.98750000026042,50.062499967447934,50.13749965338646,50.21249872058217,50.287496831552325,50.36249364883145,50.43748883497735,50.512482052577155,50.587472964253465,50.66246123267035,50.73744652053945,50.81242849062608,50.887406805755205,50.962381128817555,51.037351122775746,51.11231645067019,51.18727677562528
44.522076489278525,44.596188383693594,44.67032431118972,44.74448394968622,44.818666976682984,44.8928730692658,44.967101904112035,45.04135315749605,45.115626505294834,45.18992162299354,45.26423818569108,45.33857586810569,45.41293434458062,45.48731328908966,45.561712375242855,45.63613127629212,45.71056966513691,45.78502721432993,45.8595035960828,45.93399848227177,46.00851154444342,46.08304245382047,46.15759088130736,46.2321564974962,46.30673897267241,46.38133797682052,46.45595317963001,46.53058425050106,46.60523085855035,46.679892672616965,46.754569361268125,46.82926059280512,46.903966035269114,46.978685356446995,47.05341822387729,47.12816430485603,47.20292326644267,47.277694775465875,47.352478498529635,47.42727410201897,47.502081252105995,47.576899614755824,47.65172885573248,47.726568640604846,47.80141863475271,47.87627850337259,47.95114791148384,48.0260265239345,48.10091400540743,48.175810020426184,48.25071423336102,48.32562630843498,48.4005459097298,48.475472701192004,48.550406346638866,48.6253465097645,48.70029285414583,48.775245043248624,48.85020274043356,48.925165608962295,49.000133312003456,49.07510551263868,49.15008187386872,49.22506205861951,49.30004572974813,49.375032550048964,49.45002218225971,49.52501428906749,49.60000853311489,49.675004577005986,49.750002083312495,49.82500071457983,49.900000133333116,49.975000002083334,50.049999983333336,50.124999739583984,50.19999893334016,50.27499722711688,50.349994283445376,50.42498976487912,50.49998333399998,50.574974653424164,50.64996338580845,50.724949193856126,50.79993174032311,50.87491068802403,50.94988569983825,51.024856438715936,51.09982256768415,51.17478374985286,51.249739648421034
44.58383472363515,44.65796666797305,44.732122377020744,44.80630152834761,44.8805037991081,44.954728866047226,45.02897640550614,45.103246093427714,45.17753760536198,45.25185061647184,45.326184801538616,45.400539834967624,45.47491539079386,45.54931114268761,45.62372676396004,45.69816192756901,45.77261630612461,45.8470895718949,45.92158139681161,45.99609145247591,46.07061941016405,46.14516494083315,46.21972771512697,46.29430740338163,46.36890367563144,46.44351620161461,46.51814465077915,46.592788692288586,46.66744799502788,46.74212222760914,46.816811058377574,46.89151415541729,46.96623118655715,47.04096181937668,47.11570572121192,47.19046255916129,47.265232000091586,47.34001371064379,47.414807357239006,47.48961260608444,47.56442912317927,47.63925657432064,47.714094625109546,47.78894294095686,47.86380118708923,47.93866902855514,48.013546130230765,48.08843215682608,48.16332677289074,48.23822964282018,48.31314043086152,48.38805880111966,48.462984417563234,48.53791694403067,48.612856044236125,48.68780138177567,48.762752620133185,48.83770942268645,48.91267145271318,48.9876383733971,49.06260984783392,49.13758553903749,49.21256510994573,49.287548223426796,49.36253454228514,49.437523729267454,49.51251544706888,49.58750935833897,49.66250512568784,49.737502411692155,49.812500878901304,49.88750018984336,49.962500007031245,50.03749999296875,50.11249981015663,50.18749912109869,50.26249758830783,50.33749487431216,50.41249064166104,50.48748455293113,50.562476270732546,50.63746545771486,50.7124517765732,50.787434890054286,50.86241446096251,50.937390152166074,51.012361626602896,51.087328547286816,51.16229057731355,51.237247379866815,51.31219861822432
44.64560968488817,44.71976145553063,44.793936722219655,44.86813516217848,44.94235645221996,45.016600268752214,45.09086628778404,45.1651541849306,45.23946363541892,45.31379431409354,45.38814589542204,45.46251805350075,45.53691046206033,45.61132279447145,45.685754723750414,45.76020592256489,45.83467606323957,45.90916481776184,45.983671857787535,46.05819685464669,46.1327394793492,46.20729940259066,46.28187629475805,46.356469825935584,46.43107966591044,46.50570548417855,46.5803469499505,46.655003732157226,46.72967549945593,46.80436192023591,46.87906266262438,46.95377739449231,47.02850578346039,47.103247496904814,47.178002201963245,47.25276956554064,47.32754925431518,47.402340934744245,47.477144273070266,47.55195893532669,47.62678458734389,47.701620894755166,47.77646752300266,47.85132413734331,47.926190402854864,48.00106598444182,48.07595054684142,48.15084375462965,48.225745272227186,48.300654763905506,48.37557189379276,48.45049632587987,48.52542772402656,48.60036575196728,48.67531007331736,48.75026035157896,48.82521625014714,48.90017743231584,48.975143561284064,49.05011430016175,49.12508931197597,49.20006825967688,49.275050806143874,49.350036614191545,49.42502534657583,49.50001666600003,49.57501023512088,49.650005716554624,49.725002772883116,49.80000106665984,49.875000260416016,49.95000001666665,50.024999997916666,50.09999986666688,50.174999285420164,50.24999791668749,50.324995422994014,50.39999146688512,50.47498571093251,50.549977817740285,50.62496744995104,50.69995427025188,50.77493794138049,50.84991812613128,50.92489448736133,50.999866687996544,51.07483439103769,51.149797259566434,51.22475495675138,51.29970714585417,51.37465349023549
44.70740118670941,44.78157255979457,44.8557671599743,44.929984664129464,45.00422474873525,45.078487089866655,45.15277136320403,45.227077244038696,45.301404407278575,45.37575252745366,45.450121278721795,45.524510334874165,45.598919369341075,45.67334805519746,45.74779606516873,45.82226307163632,45.89674874664345,45.97125276190082,46.04577478879236,46.120314498380914,46.19487156141408,46.269445648329864,46.344036429262545,46.418643574048374,46.49326675223146,46.56790563306954,46.64255988553974,46.717229178344475,46.791913179917294,46.86661155842867,46.941323981791896,47.016050117668975,47.09078963347642,47.165542196391236,47.24030747335676,47.315085131088566,47.38987483608042,47.46467625461017,47.53948905274567,47.61431289635073,47.68914745109111,47.76399238244034,47.83884735568586,47.91371203593484,47.98858608812026,48.06346917700681,48.138360967196924,48.213261123136775,48.28816930912227,48.36308518930502,48.438008427698435,48.51293868818366,48.587875634515605,48.66281893032906,48.737768239144614,48.81272322437472,48.88768354932981,48.962648877224254,49.037618871182445,49.112593194244795,49.18757150937391,49.26255347946053,49.33753876732964,49.41252703574653,49.48751794742285,49.56251116502265,49.637506351168554,49.71250316844768,49.78750127941783,49.86250034661353,49.937500032552066,50.01249999973958,50.08749991067719,50.162499427867004,50.2374982138182,50.31249593105316,50.38749224211346,50.46248680956603,50.537479296009124,50.61246936407851,50.68745667645342,50.762440895862746,50.837421685090966,50.91239870698433,50.98737162445685,51.06234010049637,51.13730379817068,51.21226238063345,51.2872155111304,51.36216285300531,51.43710406970602
44.76920904256748,44.84339979399256,44.91761350327461,44.991849846956015,45.06610850117808,45.14038914168657,45.21469144383725,45.28901508260154,45.363359732572036,45.43772506796822,45.512110762641996,45.586516490083405,45.66094192342625,45.73538673545378,45.809850598604356,45.884333184977194,45.958834166338,46.03335321412476,46.10788999945346,46.182444193123814,46.257015465625045,46.33160348714163,46.406207927559116,46.48082845646989,46.55546474317898,46.63011645670992,46.7047832658105,46.77946483895866,46.8541608443683,46.92887094999521,47.00359482354282,47.078332132468184,47.1530825439878,47.22784572508355,47.30262134250855,47.37740906279313,47.45220855225069,47.527019476983696,47.601841502889556,47.67667429566659,47.751517520819995,47.82637084366777,47.901233929346766,47.97610644281854,48.05098804887542,48.12587841214648,48.200777197103506,48.275684068067044,48.35059868921233,48.42552072457539,48.50044983805899,48.57538569343869,48.650327954368834,48.725276284388656,48.80023034692822,48.87518980531451,48.95015432277752,49.02512356245618,49.100097187404536,49.17507486059768,49.25005624493796,49.325041003260864,49.40002879834122,49.475019292899184,49.55001214960635,49.6250070310918,49.70000359994817,49.775001518737696,49.85000044999838,49.92500005624995,50.0,50.07499994375005,50.149999550001624,50.224998481262304,50.29999640005184,50.374992968908195,50.44998785039364,50.524980707100816,50.59997120165879,50.674958996739136,50.749943755062034,50.82492513940231,50.89990281259548,50.97487643754381,51.049845677222486,51.12481019468548,51.19976965307179,51.274723715611344,51.34967204563116,51.42461430656131,51.499550161941
44.83103306572998,44.90524297115396,44.9794755649149,45.05373052322057,45.12800752188226,45.20230623632036,45.27662634156996,45.35096751228639,45.425329422750934,45.49971174687639,45.57411415821268,45.64853632995261,45.72297793493746,45.797438645662666,45.87191813428356,45.94641607262107,46.02093213216739,46.095465984091746,46.17001729924621,46.24458574817131,46.31917100110196,46.39377272797308,46.46839059842556,46.54302428181187,46.617673447202094,46.69233776338954,46.76701689889675,46.841710521981206,46.91641830064132,46.99113990262215,47.06587499542144,47.14062324629534,47.215384322264434,47.29015789011956,47.36494361642777,47.43974116753822,47.51455020958809,47.589370408508564,47.66420143003073,47.73904293969155,47.813894602839845,47.8887560846422,47.96362705008899,48.038507164000336,48.11339609103209,48.18829349568186,48.26319904229496,48.338112395070425,48.41303321806709,48.4879611752095,48.56289593029398,48.637837146994684,48.712784488869595,48.78773761936656,48.86269620182933,48.937659899503636,49.01262837554316,49.08760129301567,49.16257831490904,49.237559104137254,49.31254332354657,49.387530635921486,49.46252070399087,49.53751319043397,49.61250775788654,49.68750406894683,49.762501786181794,49.837500572132996,49.912500089322805,49.98750000026042,50.062499967447934,50.13749965338646,50.21249872058217,50.287496831552325,50.36249364883145,50.43748883497735,50.512482052577155,50.587472964253465,50.66246123267035,50.737446520539464,50.81242849062608,50.887406805755205,50.962381128817555,51.037351122775746,51.11231645067019,51.18727677562528,51.2622317608554,51.33718106967093,51.41212436548439,51.48706131181635,51.56199157230156
44.8928730692658,44.967101904112035,45.04135315749605,45.115626505294834,45.18992162299354,45.26423818569108,45.33857586810569,45.41293434458062,45.48731328908966,45.561712375242855,45.63613127629212,45.71056966513691,45.78502721432993,45.8595035960828,45.93399848227177,46.00851154444342,46.08304245382047,46.15759088130736,46.2321564974962,46.30673897267241,46.38133797682052,46.45595317963001,46.53058425050106,46.60523085855035,46.679892672616965,46.754569361268125,46.82926059280512,46.903966035269114,46.978685356446995,47.05341822387729,47.12816430485603,47.20292326644267,47.277694775465875,47.352478498529635,47.42727410201897,47.502081252105995,47.576899614755824,47.65172885573248,47.726568640604846,47.80141863475271,47.87627850337259,47.95114791148384,48.0260265239345,48.10091400540743,48.175810020426184,48.25071423336102,48.32562630843498,48.4005459097298,48.475472701192004,48.550406346638866,48.6253465097645,48.70029285414583,48.775245043248624,48.85020274043356,48.925165608962295,49.000133312003456,49.07510551263868,49.15008187386872,49.22506205861951,49.30004572974813,49.375032550048964,49.45002218225971,49.52501428906749,49.60000853311489,49.675004577005986,49.750002083312495,49.82500071457983,49.900000133333116,49.975000002083334,50.049999983333336,50.124999739583984,50.19999893334016,50.27499722711688,50.349994283445376,50.42498976487912,50.49998333399998,50.574974653424164,50.64996338580845,50.724949193856126,50.79993174032311,50.87491068802403,50.94988569983825,51.024856438715936,51.09982256768415,51.17478374985286,51.249739648421034,51.324689926682645,51.39963424803272,51.47457227597345,51.54950367412013,51.62442810620724
44.954728866047226,45.02897640550614,45.103246093427714,45.17753760536198,45.25185061647184,45.326184801538616,45.400539834967624,45.47491539079386,45.54931114268759,45.62372676396004,45.69816192756901,45.77261630612461,45.8470895718949,45.92158139681161,45.99609145247591,46.07061941016405,46.14516494083315,46.21972771512697,46.29430740338163,46.36890367563144,46.44351620161461,46.51814465077915,46.592788692288586,46.66744799502788,46.74212222760914,46.816811058377574,46.89151415541729,46.96623118655715,47.04096181937668,47.11570572121192,47.19046255916129,47.265232000091586,47.34001371064379,47.414807357239006,47.48961260608444,47.56442912317927,47.63925657432064,47.714094625109546,47.788942940956844,47.86380118708923,47.93866902855514,48.013546130230765,48.08843215682608,48.16332677289074,48.23822964282018,48.31314043086152,48.38805880111966,48.462984417563234,48.53791694403067,48.612856044236125,48.68780138177567,48.762752620133185,48.83770942268645,48.91267145271318,48.9876383733971,49.06260984783392,49.13758553903749,49.21256510994573,49.287548223426796,49.36253454228514,49.437523729267454,49.51251544706888,49.58750935833897,49.66250512568784,49.737502411692155,49.812500878901304,49.88750018984336,49.962500007031245,50.03749999296875,50.11249981015663,50.18749912109869,50.26249758830783,50.33749487431216,50.41249064166104,50.48748455293113,50.562476270732546,50.63746545771486,50.7124517765732,50.787434890054286,50.862414460962526,50.937390152166074,51.012361626602896,51.087328547286816,51.16229057731355,51.237247379866815,51.31219861822432,51.38714395576388,51.462083055969345,51.53701558243675,51.61194119888033,51.68685956913848
45.016600268752214,45.09086628778404,45.1651541849306,45.23946363541892,45.31379431409354,45.38814589542203,45.46251805350075,45.53691046206033,45.61132279447145,45.685754723750414,45.76020592256489,45.83467606323957,45.90916481776184,45.983671857787535,46.05819685464669,46.1327394793492,46.20729940259066,46.28187629475805,46.356469825935584,46.43107966591044,46.50570548417855,46.5803469499505,46.655003732157226,46.72967549945593,46.80436192023591,46.87906266262438,46.95377739449231,47.02850578346039,47.103247496904814,47.178002201963245,47.25276956554064,47.32754925431518,47.402340934744245,47.477144273070266,47.55195893532669,47.62678458734389,47.701620894755166,47.77646752300266,47.85132413734331,47.926190402854864,48.00106598444182,48.07595054684142,48.15084375462965,48.225745272227186,48.300654763905506,48.37557189379276,48.45049632587987,48.52542772402656,48.60036575196728,48.67531007331736,48.75026035157896,48.82521625014714,48.90017743231584,48.975143561284064,49.05011430016175,49.12508931197597,49.20006825967688,49.275050806143874,49.350036614191545,49.42502534657583,49.50001666600003,49.57501023512088,49.650005716554624,49.725002772883116,49.80000106665984,49.875000260416016,49.95000001666665,50.024999997916666,50.09999986666688,50.174999285420164,50.24999791668749,50.324995422994014,50.39999146688512,50.47498571093251,50.549977817740285,50.62496744995104,50.69995427025188,50.77493794138049,50.84991812613128,50.92489448736133,50.99986668799655,51.07483439103769,51.149797259566434,51.22475495675138,51.29970714585417,51.37465349023549,51.44959365336113,51.524527298807996,51.5994540902702,51.67437369156502,51.74928576663898
45.078487089866655,45.15277136320403,45.227077244038696,45.301404407278575,45.37575252745366,45.450121278721795,45.524510334874165,45.59891936934106,45.67334805519746,45.74779606516873,45.82226307163632,45.89674874664345,45.97125276190082,46.04577478879236,46.120314498380914,46.19487156141408,46.269445648329864,46.344036429262545,46.418643574048374,46.49326675223146,46.56790563306954,46.64255988553974,46.717229178344475,46.791913179917294,46.86661155842867,46.941323981791896,47.016050117668975,47.09078963347642,47.165542196391236,47.24030747335676,47.315085131088566,47.38987483608042,47.46467625461017,47.53948905274567,47.61431289635073,47.68914745109111,47.76399238244034,47.83884735568586,47.91371203593484,47.98858608812026,48.06346917700681,48.13836096719692,48.213261123136775,48.28816930912227,48.36308518930502,48.438008427698435,48.51293868818366,48.587875634515605,48.66281893032906,48.7377682391446,48.81272322437472,48.88768354932981,48.962648877224254,49.03761887118243,49.112593194244795,49.18757150937391,49.26255347946053,49.33753876732964,49.41252703574653,49.48751794742285,49.56251116502265,49.637506351168554,49.71250316844768,49.78750127941783,49.86250034661353,49.937500032552066,50.01249999973958,50.08749991067719,50.162499427867004,50.2374982138182,50.31249593105316,50.38749224211346,50.46248680956602,50.537479296009124,50.61246936407851,50.68745667645342,50.762440895862746,50.837421685090966,50.91239870698433,50.98737162445685,51.06234010049637,51.13730379817068,51.21226238063345,51.2872155111304,51.36216285300531,51.43710406970602,51.512038824790494,51.58696678193291,51.66188760492956,51.73680095770504,51.811706504318146
45.14038914168657,45.21469144383725,45.28901508260154,45.363359732572036,45.43772506796822,45.512110762641996,45.586516490083405,45.66094192342625,45.73538673545378,45.809850598604356,45.884333184977194,45.958834166338,46.03335321412476,46.10788999945346,46.182444193123814,46.257015465625045,46.33160348714163,46.406207927559116,46.48082845646989,46.55546474317898,46.63011645670992,46.7047832658105,46.77946483895866,46.8541608443683,46.92887094999521,47.00359482354282,47.078332132468184,47.1530825439878,47.22784572508355,47.30262134250855,47.37740906279313,47.45220855225069,47.527019476983696,47.601841502889556,47.67667429566659,47.751517520819995,47.82637084366777,47.901233929346766,47.97610644281854,48.05098804887542,48.12587841214648,48.200777197103506,48.275684068067044,48.35059868921233,48.42552072457539,48.50044983805899,48.57538569343869,48.650327954368834,48.725276284388656,48.80023034692822,48.87518980531451,48.95015432277752,49.02512356245618,49.100097187404536,49.17507486059768,49.25005624493796,49.325041003260864,49.40002879834122,49.475019292899184,49.55001214960635,49.6250070310918,49.70000359994817,49.775001518737696,49.85000044999838,49.92500005624995,50.0,50.07499994375005,50.149999550001624,50.224998481262304,50.29999640005184,50.374992968908195,50.44998785039364,50.52498070710081,50.599971201658775,50.674958996739136,50.749943755062034,50.82492513940231,50.899902812595464,50.97487643754381,51.049845677222486,51.12481019468548,51.19976965307179,51.274723715611344,51.34967204563116,51.42461430656131,51.499550161941,51.5744792754246,51.64940131078767,51.72431593193296,51.799222802896494,51.874121587853516
45.20230623632036,45.27662634156996,45.35096751228639,45.425329422750934,45.49971174687639,45.57411415821268,45.64853632995261,45.72297793493746,45.79743864566266,45.87191813428356,45.94641607262107,46.02093213216739,46.095465984091746,46.17001729924621,46.24458574817131,46.31917100110196,46.39377272797308,46.46839059842556,46.54302428181187,46.617673447202094,46.69233776338954,46.76701689889675,46.841710521981206,46.91641830064132,46.99113990262215,47.06587499542144,47.14062324629534,47.215384322264434,47.29015789011956,47.36494361642777,47.43974116753822,47.51455020958809,47.589370408508564,47.66420143003073,47.73904293969155,47.813894602839845,47.8887560846422,47.96362705008899,48.038507164000336,48.11339609103209,48.18829349568186,48.26319904229496,48.338112395070425,48.41303321806709,48.4879611752095,48.56289593029398,48.637837146994684,48.712784488869595,48.78773761936655,48.86269620182933,48.937659899503636,49.01262837554316,49.08760129301567,49.16257831490904,49.237559104137254,49.31254332354657,49.387530635921486,49.46252070399087,49.53751319043397,49.61250775788654,49.68750406894683,49.762501786181794,49.837500572132996,49.912500089322805,49.98750000026042,50.062499967447934,50.13749965338646,50.21249872058217,50.287496831552325,50.36249364883145,50.43748883497735,50.512482052577155,50.587472964253465,50.66246123267035,50.737446520539464,50.81242849062608,50.887406805755205,50.962381128817555,51.037351122775746,51.11231645067019,51.18727677562528,51.2622317608554,51.33718106967095,51.41212436548439,51.48706131181635,51.56199157230156,51.636914810694975,51.71183069087773,51.786738876863225,51.861639032803076,51.93653082299319
45.26423818569108,45.33857586810569,45.41293434458062,45.48731328908966,45.561712375242855,45.63613127629212,45.71056966513691,45.78502721432993,45.8595035960828,45.93399848227177,46.00851154444342,46.08304245382047,46.15759088130736,46.2321564974962,46.30673897267241,46.38133797682052,46.45595317963001,46.53058425050106,46.60523085855035,46.679892672616965,46.754569361268125,46.82926059280512,46.903966035269114,46.978685356446995,47.05341822387729,47.12816430485603,47.20292326644267,47.277694775465875,47.352478498529635,47.42727410201897,47.502081252105995,47.576899614755824,47.65172885573248,47.726568640604846,47.80141863475271,47.87627850337259,47.95114791148384,48.0260265239345,48.10091400540743,48.175810020426184,48.25071423336102,48.32562630843498,48.4005459097298,48.475472701192004,48.550406346638866,48.6253465097645,48.70029285414583,48.77524504324861,48.85020274043356,48.925165608962295,49.000133312003456,49.07510551263868,49.15008187386872,49.22506205861951,49.30004572974813,49.375032550048964,49.45002218225971,49.52501428906749,49.60000853311489,49.675004577005986,49.750002083312495,49.82500071457983,49.900000133333116,49.975000002083334,50.049999983333336,50.124999739583984,50.19999893334016,50.27499722711688,50.349994283445376,50.42498976487912,50.49998333399998,50.574974653424164,50.64996338580845,50.724949193856126,50.79993174032311,50.87491068802403,50.94988569983825,51.024856438715936,51.09982256768415,51.17478374985286,51.249739648421034,51.324689926682645,51.39963424803272,51.47457227597345,51.54950367412013,51.62442810620724,51.699345236094494,51.77425472777281,51.84915624537035,51.924049453158574,51.99893401555818
45.326184801538616,45.400539834967624,45.47491539079386,45.54931114268761,45.62372676396004,45.69816192756901,45.77261630612461,45.8470895718949,45.92158139681161,45.99609145247591,46.07061941016405,46.14516494083315,46.21972771512697,46.29430740338163,46.36890367563144,46.44351620161461,46.51814465077915,46.592788692288586,46.66744799502788,46.74212222760914,46.816811058377574,46.89151415541729,46.96623118655715,47.04096181937668,47.11570572121192,47.19046255916129,47.265232000091586,47.34001371064379,47.414807357239006,47.48961260608444,47.56442912317927,47.63925657432064,47.714094625109546,47.78894294095686,47.86380118708923,47.93866902855514,48.013546130230765,48.08843215682608,48.16332677289074,48.23822964282018,48.31314043086152,48.38805880111966,48.462984417563234,48.53791694403067,48.612856044236125,48.68780138177567,48.762752620133185,48.83770942268645,48.91267145271318,48.9876383733971,49.06260984783392,49.13758553903749,49.21256510994573,49.287548223426796,49.36253454228514,49.437523729267454,49.51251544706888,49.58750935833897,49.66250512568784,49.737502411692155,49.812500878901304,49.88750018984336,49.962500007031245,50.03749999296875,50.11249981015663,50.18749912109869,50.26249758830783,50.33749487431216,50.41249064166104,50.48748455293113,50.562476270732546,50.63746545771486,50.7124517765732,50.787434890054286,50.862414460962526,50.937390152166074,51.012361626602896,51.087328547286816,51.16229057731355,51.237247379866815,51.31219861822432,51.38714395576388,51.462083055969345,51.537015582436766,51.61194119888033,51.68685956913848,51.76177035717983,51.83667322710925,51.911567843173934,51.986453869769235,52.06133097144486
45.38814589542204,45.46251805350075,45.53691046206033,45.61132279447145,45.685754723750414,45.76020592256489,45.83467606323957,45.90916481776184,45.983671857787535,46.05819685464669,46.1327394793492,46.20729940259066,46.28187629475805,46.356469825935584,46.43107966591044,46.50570548417855,46.5803469499505,46.655003732157226,46.72967549945593,46.80436192023591,46.87906266262438,46.95377739449231,47.02850578346039,47.103247496904814,47.178002201963245,47.25276956554064,47.32754925431518,47.402340934744245,47.477144273070266,47.55195893532669,47.62678458734389,47.701620894755166,47.77646752300266,47.85132413734331,47.926190402854864,48.00106598444182,48.07595054684142,48.15084375462965,48.225745272227186,48.300654763905506,48.37557189379276,48.45049632587987,48.52542772402656,48.60036575196728,48.67531007331736,48.75026035157896,48.82521625014714,48.90017743231584,48.975143561284064,49.05011430016175,49.12508931197597,49.20006825967688,49.275050806143874,49.350036614191545,49.42502534657583,49.50001666600003,49.57501023512088,49.650005716554624,49.725002772883116,49.80000106665984,49.875000260416016,49.95000001666665,50.024999997916666,50.09999986666688,50.174999285420164,50.24999791668749,50.324995422994014,50.39999146688512,50.47498571093251,50.549977817740285,50.62496744995104,50.69995427025188,50.77493794138049,50.849918126131264,50.92489448736133,50.99986668799655,51.07483439103769,51.149797259566434,51.22475495675138,51.29970714585418,51.3746534902355,51.44959365336113,51.524527298807996,51.5994540902702,51.67437369156502,51.74928576663898,51.82418997957381,51.89908599459257,51.973973476065495,52.04885208851617,52.123721496627404
45.450121278721795,45.524510334874165,45.598919369341075,45.67334805519746,45.74779606516873,45.82226307163632,45.89674874664345,45.97125276190082,46.04577478879236,46.120314498380914,46.19487156141408,46.269445648329864,46.344036429262545,46.418643574048374,46.49326675223146,46.56790563306954,46.64255988553974,46.717229178344475,46.791913179917294,46.86661155842867,46.941323981791896,47.016050117668975,47.09078963347642,47.165542196391236,47.24030747335676,47.315085131088566,47.38987483608042,47.46467625461017,47.53948905274567,47.61431289635073,47.68914745109111,47.76399238244034,47.83884735568586,47.91371203593484,47.98858608812026,48.06346917700681,48.138360967196924,48.213261123136775,48.28816930912227,48.36308518930502,48.438008427698435,48.51293868818366,48.587875634515605,48.66281893032906,48.737768239144614,48.81272322437472,48.88768354932981,48.962648877224254,49.03761887118243,49.112593194244795,49.18757150937391,49.26255347946053,49.33753876732964,49.41252703574653,49.48751794742285,49.56251116502266,49.637506351168554,49.71250316844768,49.78750127941783,49.86250034661353,49.937500032552066,50.01249999973958,50.08749991067719,50.162499427867004,50.2374982138182,50.31249593105316,50.38749224211346,50.46248680956603,50.537479296009124,50.61246936407851,50.68745667645342,50.762440895862746,50.837421685090966,50.91239870698433,50.98737162445685,51.06234010049637,51.13730379817068,51.21226238063345,51.2872155111304,51.36216285300532,51.43710406970602,51.512038824790494,51.58696678193291,51.66188760492957,51.73680095770504,51.811706504318146,51.8866039089679,51.961492835999664,52.03637294991101,52.1112439153578,52.186105397160155
45.512110762641996,45.586516490083405,45.66094192342625,45.73538673545378,45.80985059860437,45.884333184977194,45.958834166338,46.03335321412476,46.10788999945346,46.182444193123814,46.257015465625045,46.33160348714163,46.406207927559116,46.48082845646989,46.55546474317898,46.63011645670992,46.7047832658105,46.77946483895866,46.8541608443683,46.92887094999521,47.00359482354282,47.078332132468184,47.1530825439878,47.22784572508355,47.30262134250855,47.37740906279313,47.45220855225069,47.527019476983696,47.601841502889556,47.67667429566659,47.751517520819995,47.82637084366777,47.901233929346766,47.97610644281854,48.05098804887542,48.12587841214648,48.200777197103506,48.275684068067044,48.35059868921233,48.42552072457539,48.50044983805899,48.57538569343869,48.650327954368834,48.725276284388656,48.80023034692822,48.87518980531451,48.95015432277752,49.02512356245618,49.100097187404536,49.17507486059768,49.25005624493796,49.325041003260864,49.40002879834122,49.475019292899184,49.55001214960635,49.6250070310918,49.70000359994817,49.775001518737696,49.85000044999838,49.92500005624995,50.0,50.07499994375005,50.149999550001624,50.224998481262304,50.29999640005184,50.374992968908195,50.44998785039364,50.524980707100816,50.59997120165879,50.674958996739136,50.749943755062034,50.82492513940231,50.899902812595464,50.97487643754381,51.049845677222486,51.12481019468548,51.19976965307179,51.274723715611344,51.34967204563116,51.42461430656131,51.499550161941,51.5744792754246,51.64940131078767,51.72431593193296,51.799222802896494,51.874121587853516,51.94901195112458,52.02389355718147,52.098766070653234,52.173629156332225,52.24848247918001
45.57411415821268,45.64853632995261,45.72297793493746,45.797438645662666,45.87191813428357,45.94641607262107,46.02093213216739,46.095465984091746,46.17001729924621,46.24458574817131,46.31917100110196,46.39377272797308,46.46839059842556,46.54302428181187,46.617673447202094,46.69233776338954,46.76701689889675,46.841710521981206,46.91641830064132,46.99113990262215,47.06587499542144,47.14062324629534,47.215384322264434,47.29015789011956,47.36494361642777,47.43974116753822,47.51455020958809,47.589370408508564,47.66420143003073,47.73904293969155,47.813894602839845,47.8887560846422,47.96362705008899,48.038507164000336,48.11339609103209,48.18829349568186,48.26319904229496,48.338112395070425,48.41303321806709,48.4879611752095,48.56289593029398,48.637837146994684,48.712784488869595,48.78773761936656,48.86269620182933,48.937659899503636,49.01262837554316,49.08760129301567,49.16257831490904,49.237559104137254,49.31254332354657,49.387530635921486,49.46252070399087,49.53751319043397,49.61250775788654,49.68750406894683,49.762501786181794,49.837500572132996,49.912500089322805,49.98750000026042,50.062499967447934,50.13749965338646,50.21249872058217,50.287496831552325,50.36249364883145,50.43748883497735,50.512482052577155,50.587472964253465,50.66246123267035,50.737446520539464,50.81242849062608,50.887406805755205,50.962381128817555,51.037351122775746,51.11231645067019,51.18727677562528,51.2622317608554,51.33718106967095,51.41212436548439,51.48706131181635,51.56199157230156,51.636914810694975,51.71183069087773,51.786738876863225,51.861639032803076,51.93653082299319,52.01141391187974,52.08628796406515,52.16115264431414,52.236007617559665,52.310852548908905
45.63613127629212,45.71056966513691,45.78502721432993,45.8595035960828,45.93399848227177,46.00851154444342,46.08304245382047,46.15759088130736,46.2321564974962,46.30673897267241,46.38133797682052,46.45595317963001,46.53058425050106,46.60523085855035,46.679892672616965,46.754569361268125,46.82926059280512,46.903966035269114,46.978685356446995,47.05341822387729,47.12816430485603,47.20292326644267,47.277694775465875,47.352478498529635,47.42727410201897,47.502081252105995,47.576899614755824,47.65172885573248,47.726568640604846,47.80141863475271,47.87627850337259,47.95114791148384,48.0260265239345,48.10091400540743,48.175810020426184,48.25071423336102,48.32562630843498,48.4005459097298,48.475472701192004,48.550406346638866,48.6253465097645,48.70029285414583,48.775245043248624,48.85020274043356,48.925165608962295,49.000133312003456,49.07510551263868,49.15008187386872,49.22506205861951,49.30004572974813,49.375032550048964,49.45002218225971,49.52501428906749,49.60000853311489,49.675004577005986,49.75000208331251,49.82500071457983,49.900000133333116,49.975000002083334,50.049999983333336,50.124999739583984,50.19999893334016,50.27499722711688,50.349994283445376,50.42498976487912,50.49998333399998,50.574974653424164,50.64996338580845,50.724949193856126,50.79993174032311,50.87491068802403,50.94988569983825,51.024856438715936,51.09982256768415,51.17478374985286,51.249739648421034,51.324689926682645,51.39963424803272,51.47457227597345,51.54950367412013,51.62442810620724,51.699345236094494,51.77425472777281,51.84915624537035,51.924049453158574,51.99893401555818,52.073809597145136,52.14867586265669,52.223532476997335,52.29837910524483,52.3732154126561
45.69816192756902,45.77261630612461,45.8470895718949,45.92158139681161,45.99609145247591,46.07061941016405,46.14516494083315,46.21972771512697,46.29430740338163,46.36890367563144,46.44351620161461,46.51814465077915,46.592788692288586,46.66744799502788,46.74212222760914,46.816811058377574,46.89151415541729,46.96623118655715,47.04096181937668,47.11570572121192,47.19046255916129,47.265232000091586,47.34001371064379,47.414807357239006,47.48961260608444,47.56442912317927,47.63925657432064,47.714094625109546,47.78894294095686,47.86380118708923,47.93866902855514,48.013546130230765,48.08843215682608,48.16332677289074,48.23822964282018,48.31314043086152,48.38805880111966,48.462984417563234,48.53791694403067,48.612856044236125,48.68780138177567,48.762752620133185,48.83770942268645,48.91267145271318,48.9876383733971,49.06260984783392,49.13758553903749,49.21256510994573,49.287548223426796,49.36253454228514,49.437523729267454,49.51251544706888,49.58750935833897,49.66250512568784,49.737502411692155,49.812500878901304,49.88750018984336,49.962500007031245,50.03749999296875,50.11249981015663,50.18749912109869,50.26249758830783,50.33749487431216,50.41249064166104,50.48748455293113,50.562476270732546,50.63746545771486,50.7124517765732,50.787434890054286,50.862414460962526,50.937390152166074,51.012361626602896,51.087328547286816,51.16229057731355,51.237247379866815,51.31219861822432,51.38714395576388,51.462083055969345,51.537015582436766,51.61194119888033,51.68685956913849,51.76177035717983,51.836673227109266,51.911567843173934,51.986453869769235,52.06133097144486,52.13619881291076,52.211057059043156,52.285905374890454,52.36074342567936,52.43557087682073
45.76020592256489,45.83467606323957,45.90916481776184,45.983671857787535,46.05819685464669,46.1327394793492,46.20729940259066,46.28187629475805,46.356469825935584,46.43107966591044,46.50570548417855,46.5803469499505,46.655003732157226,46.72967549945593,46.80436192023591,46.87906266262438,46.95377739449231,47.02850578346039,47.103247496904814,47.178002201963245,47.25276956554064,47.32754925431518,47.402340934744245,47.477144273070266,47.55195893532669,47.62678458734389,47.701620894755166,47.77646752300266,47.85132413734331,47.926190402854864,48.00106598444182,48.07595054684142,48.15084375462965,48.225745272227186,48.300654763905506,48.37557189379276,48.45049632587987,48.52542772402656,48.60036575196728,48.67531007331736,48.75026035157896,48.82521625014714,48.90017743231584,48.975143561284064,49.05011430016175,49.12508931197597,49.20006825967688,49.275050806143874,49.350036614191545,49.42502534657583,49.50001666600003,49.57501023512088,49.650005716554624,49.725002772883116,49.80000106665984,49.875000260416016,49.95000001666665,50.024999997916666,50.09999986666688,50.174999285420164,50.24999791668749,50.324995422994014,50.39999146688512,50.47498571093251,50.549977817740285,50.62496744995104,50.69995427025188,50.77493794138049,50.849918126131264,50.92489448736133,50.999866687996544,51.07483439103769,51.149797259566434,51.22475495675138,51.29970714585417,51.37465349023549,51.44959365336113,51.524527298807996,51.5994540902702,51.67437369156502,51.74928576663898,51.82418997957381,51.89908599459257,51.973973476065495,52.04885208851617,52.123721496627404,52.198581365247286,52.27343135939515,52.34827114426752,52.42310038524417,52.49791874789399
45.82226307163632,45.89674874664345,45.97125276190082,46.04577478879236,46.120314498380914,46.19487156141408,46.269445648329864,46.344036429262545,46.418643574048374,46.49326675223146,46.56790563306954,46.64255988553974,46.717229178344475,46.791913179917294,46.86661155842866,46.941323981791896,47.016050117668975,47.09078963347642,47.165542196391236,47.24030747335676,47.315085131088566,47.38987483608042,47.46467625461017,47.53948905274567,47.61431289635073,47.68914745109111,47.76399238244034,47.83884735568586,47.91371203593484,47.98858608812026,48.06346917700681,48.13836096719692,48.213261123136775,48.28816930912227,48.36308518930502,48.438008427698435,48.51293868818366,48.587875634515605,48.66281893032906,48.7377682391446,48.81272322437472,48.88768354932981,48.962648877224254,49.03761887118243,49.112593194244795,49.18757150937391,49.26255347946053,49.33753876732964,49.41252703574653,49.48751794742285,49.56251116502265,49.637506351168554,49.71250316844768,49.78750127941783,49.86250034661353,49.937500032552066,50.01249999973958,50.08749991067719,50.162499427867004,50.2374982138182,50.31249593105316,50.38749224211346,50.46248680956603,50.537479296009124,50.61246936407851,50.68745667645342,50.76244089586274,50.837421685090966,50.91239870698433,50.98737162445685,51.06234010049637,51.13730379817068,51.21226238063345,51.2872155111304,51.36216285300531,51.43710406970602,51.512038824790494,51.58696678193291,51.66188760492957,51.73680095770504,51.811706504318146,51.88660390896791,51.961492835999664,52.03637294991101,52.1112439153578,52.186105397160155,52.26095706030844,52.33579856996927,52.41062959149144,52.485449790411906,52.560258832461784
45.884333184977194,45.958834166338,46.03335321412476,46.10788999945346,46.182444193123814,46.257015465625045,46.33160348714163,46.406207927559116,46.48082845646989,46.55546474317898,46.63011645670992,46.7047832658105,46.77946483895866,46.8541608443683,46.92887094999521,47.00359482354282,47.078332132468184,47.1530825439878,47.22784572508355,47.30262134250855,47.37740906279313,47.45220855225069,47.527019476983696,47.601841502889556,47.67667429566659,47.751517520819995,47.82637084366777,47.901233929346766,47.97610644281854,48.05098804887542,48.12587841214648,48.200777197103506,48.275684068067044,48.35059868921233,48.42552072457539,48.50044983805899,48.57538569343869,48.650327954368834,48.725276284388656,48.80023034692822,48.87518980531451,48.95015432277752,49.02512356245618,49.100097187404536,49.17507486059768,49.25005624493796,49.325041003260864,49.40002879834122,49.475019292899184,49.55001214960635,49.6250070310918,49.70000359994817,49.775001518737696,49.85000044999838,49.92500005624995,50.0,50.07499994375005,50.149999550001624,50.224998481262304,50.29999640005184,50.374992968908195,50.44998785039364,50.524980707100816,50.59997120165879,50.674958996739136,50.749943755062034,50.82492513940231,50.899902812595464,50.97487643754381,51.049845677222486,51.12481019468548,51.19976965307179,51.274723715611344,51.34967204563116,51.42461430656131,51.499550161941,51.5744792754246,51.64940131078767,51.72431593193296,51.799222802896494,51.874121587853516,51.94901195112458,52.02389355718147,52.098766070653234,52.173629156332225,52.24848247918001,52.32332570433341,52.39815849711044,52.4729805230163,52.547791447749304,52.62259093720687
45.94641607262107,46.02093213216739,46.095465984091746,46.17001729924621,46.24458574817131,46.31917100110196,46.39377272797308,46.46839059842556,46.54302428181187,46.617673447202094,46.69233776338954,46.76701689889675,46.841710521981206,46.91641830064132,46.99113990262215,47.06587499542144,47.14062324629534,47.215384322264434,47.29015789011956,47.36494361642777,47.43974116753822,47.51455020958809,47.589370408508564,47.66420143003073,47.73904293969155,47.813894602839845,47.8887560846422,47.96362705008899,48.038507164000336,48.11339609103209,48.18829349568186,48.26319904229496,48.338112395070425,48.41303321806709,48.4879611752095,48.56289593029398,48.637837146994684,48.712784488869595,48.78773761936655,48.86269620182933,48.937659899503636,49.01262837554316,49.08760129301567,49.16257831490904,49.237559104137254,49.31254332354657,49.387530635921486,49.46252070399087,49.53751319043397,49.61250775788654,49.68750406894683,49.762501786181794,49.837500572132996,49.912500089322805,49.98750000026042,50.062499967447934,50.13749965338646,50.21249872058217,50.287496831552325,50.36249364883145,50.43748883497735,50.512482052577155,50.587472964253465,50.66246123267035,50.737446520539464,50.81242849062608,50.887406805755205,50.962381128817555,51.037351122775746,51.11231645067019,51.18727677562528,51.2622317608554,51.33718106967093,51.41212436548439,51.48706131181635,51.56199157230156,51.636914810694975,51.71183069087773,51.786738876863225,51.861639032803076,51.9365308229932,52.01141391187974,52.08628796406516,52.16115264431414,52.236007617559665,52.310852548908905,52.38568710364926,52.460510947254335,52.53532374538983,52.61012516391958,52.684914868911434
46.00851154444342,46.08304245382047,46.15759088130736,46.2321564974962,46.30673897267241,46.38133797682052,46.45595317963001,46.53058425050106,46.60523085855035,46.679892672616965,46.754569361268125,46.82926059280512,46.903966035269114,46.978685356446995,47.05341822387729,47.12816430485603,47.20292326644267,47.277694775465875,47.352478498529635,47.42727410201897,47.502081252105995,47.576899614755824,47.65172885573248,47.726568640604846,47.80141863475271,47.87627850337259,47.95114791148384,48.0260265239345,48.10091400540743,48.175810020426184,48.25071423336102,48.32562630843498,48.4005459097298,48.475472701192004,48.550406346638866,48.6253465097645,48.70029285414583,48.77524504324861,48.85020274043356,48.925165608962295,49.000133312003456,49.07510551263868,49.15008187386872,49.22506205861951,49.30004572974813,49.375032550048964,49.45002218225971,49.52501428906749,49.60000853311489,49.675004577005986,49.750002083312495,49.82500071457983,49.900000133333116,49.975000002083334,50.049999983333336,50.124999739583984,50.19999893334016,50.27499722711688,50.349994283445376,50.42498976487912,50.49998333399998,50.574974653424164,50.64996338580845,50.724949193856126,50.79993174032311,50.87491068802403,50.94988569983825,51.024856438715936,51.09982256768415,51.17478374985286,51.249739648421034,51.324689926682645,51.39963424803272,51.47457227597345,51.54950367412013,51.62442810620724,51.699345236094494,51.77425472777281,51.84915624537035,51.924049453158574,51.998934015558184,52.073809597145136,52.14867586265669,52.223532476997335,52.29837910524483,52.3732154126561,52.44804106467331,52.52285572692973,52.597659065255755,52.67245074568483,52.74723043445937
46.07061941016405,46.14516494083315,46.21972771512697,46.29430740338163,46.36890367563144,46.44351620161461,46.51814465077915,46.592788692288586,46.66744799502788,46.74212222760914,46.816811058377574,46.89151415541729,46.96623118655715,47.04096181937668,47.11570572121192,47.19046255916129,47.265232000091586,47.34001371064379,47.414807357239006,47.48961260608444,47.56442912317927,47.63925657432064,47.714094625109546,47.78894294095686,47.86380118708923,47.93866902855514,48.013546130230765,48.08843215682608,48.16332677289074,48.23822964282018,48.31314043086152,48.38805880111966,48.462984417563234,48.53791694403067,48.612856044236125,48.68780138177567,48.762752620133185,48.83770942268645,48.91267145271318,48.9876383733971,49.06260984783392,49.13758553903749,49.21256510994573,49.287548223426796,49.36253454228514,49.437523729267454,49.51251544706888,49.58750935833897,49.66250512568784,49.737502411692155,49.812500878901304,49.88750018984336,49.962500007031245,50.03749999296875,50.11249981015663,50.18749912109869,50.26249758830783,50.33749487431216,50.41249064166104,50.48748455293113,50.562476270732546,50.63746545771486,50.7124517765732,50.787434890054286,50.862414460962526,50.937390152166074,51.012361626602896,51.087328547286816,51.16229057731355,51.237247379866815,51.31219861822432,51.38714395576388,51.462083055969345,51.53701558243675,51.61194119888033,51.68685956913849,51.76177035717983,51.836673227109266,51.911567843173934,51.986453869769235,52.06133097144486,52.13619881291077,52.211057059043156,52.285905374890454,52.36074342567936,52.43557087682073,52.51038739391556,52.585192642760994,52.65998628935621,52.73476799990841,52.8095374408387
46.1327394793492,46.20729940259066,46.28187629475805,46.356469825935584,46.43107966591044,46.50570548417855,46.5803469499505,46.655003732157226,46.72967549945593,46.80436192023591,46.87906266262438,46.95377739449231,47.02850578346039,47.103247496904814,47.178002201963245,47.25276956554064,47.32754925431518,47.402340934744245,47.477144273070266,47.55195893532669,47.62678458734389,47.701620894755166,47.77646752300266,47.85132413734331,47.926190402854864,48.00106598444182,48.07595054684142,48.15084375462965,48.225745272227186,48.300654763905506,48.37557189379276,48.45049632587987,48.52542772402656,48.60036575196728,48.67531007331736,48.75026035157896,48.82521625014714,48.90017743231584,48.975143561284064,49.05011430016175,49.12508931197597,49.20006825967688,49.275050806143874,49.350036614191545,49.42502534657583,49.50001666600003,49.57501023512088,49.650005716554624,49.725002772883116,49.80000106665984,49.875000260416016,49.95000001666665,50.024999997916666,50.09999986666688,50.174999285420164,50.24999791668749,50.324995422994014,50.39999146688512,50.47498571093251,50.549977817740285,50.62496744995104,50.69995427025188,50.77493794138049,50.84991812613128,50.92489448736133,50.999866687996544,51.07483439103769,51.149797259566434,51.22475495675138,51.29970714585417,51.37465349023549,51.44959365336113,51.524527298807996,51.5994540902702,51.67437369156502,51.74928576663898,51.82418997957381,51.89908599459257,51.973973476065495,52.04885208851617,52.123721496627404,52.198581365247286,52.27343135939515,52.34827114426752,52.42310038524417,52.49791874789399,52.57272589798103,52.64752150147037,52.722305224534125,52.79707673355735,52.871835695143965
46.19487156141408,46.269445648329864,46.344036429262545,46.418643574048374,46.49326675223146,46.56790563306954,46.64255988553974,46.717229178344475,46.791913179917294,46.86661155842867,46.941323981791896,47.016050117668975,47.09078963347642,47.165542196391236,47.24030747335676,47.315085131088566,47.38987483608042,47.46467625461017,47.53948905274567,47.61431289635073,47.68914745109111,47.76399238244034,47.83884735568586,47.91371203593484,47.98858608812026,48.06346917700681,48.13836096719692,48.213261123136775,48.28816930912227,48.36308518930502,48.438008427698435,48.51293868818366,48.587875634515605,48.66281893032906,48.737768239144614,48.81272322437472,48.88768354932981,48.962648877224254,49.03761887118243,49.112593194244795,49.18757150937391,49.26255347946053,49.33753876732964,49.41252703574653,49.48751794742285,49.56251116502266,49.637506351168554,49.71250316844768,49.78750127941783,49.86250034661353,49.937500032552066,50.01249999973958,50.08749991067719,50.162499427867004,50.2374982138182,50.31249593105316,50.38749224211346,50.46248680956603,50.537479296009124,50.61246936407851,50.68745667645342,50.762440895862746,50.837421685090966,50.91239870698433,50.98737162445685,51.06234010049637,51.13730379817068,51.21226238063345,51.2872155111304,51.36216285300531,51.43710406970602,51.512038824790494,51.58696678193291,51.66188760492956,51.73680095770504,51.811706504318146,51.88660390896791,51.961492835999664,52.03637294991101,52.1112439153578,52.186105397160155,52.26095706030844,52.33579856996927,52.41062959149144,52.485449790411906,52.560258832461784,52.63505638357222,52.709842109880434,52.784615677735566,52.859376753704666,52.93412500457856
46.257015465625045,46.33160348714163,46.406207927559116,46.48082845646989,46.55546474317898,46.63011645670992,46.7047832658105,46.77946483895866,46.8541608443683,46.92887094999521,47.00359482354282,47.078332132468184,47.1530825439878,47.22784572508355,47.30262134250855,47.37740906279313,47.45220855225069,47.527019476983696,47.601841502889556,47.67667429566659,47.751517520819995,47.82637084366777,47.901233929346766,47.97610644281854,48.05098804887542,48.12587841214648,48.200777197103506,48.275684068067044,48.35059868921233,48.42552072457539,48.50044983805899,48.57538569343869,48.650327954368834,48.725276284388656,48.80023034692822,48.87518980531451,48.95015432277752,49.02512356245618,49.100097187404536,49.17507486059768,49.25005624493796,49.325041003260864,49.40002879834122,49.475019292899184,49.55001214960635,49.6250070310918,49.70000359994817,49.775001518737696,49.85000044999838,49.92500005624995,50.0,50.07499994375005,50.149999550001624,50.224998481262304,50.29999640005184,50.374992968908195,50.44998785039364,50.524980707100816,50.59997120165879,50.674958996739136,50.749943755062034,50.82492513940231,50.899902812595464,50.97487643754381,51.049845677222486,51.12481019468548,51.19976965307179,51.274723715611344,51.34967204563116,51.42461430656131,51.499550161941,51.5744792754246,51.64940131078767,51.72431593193296,51.799222802896494,51.874121587853516,51.94901195112458,52.02389355718147,52.098766070653234,52.173629156332225,52.24848247918001,52.32332570433341,52.398158497110444,52.4729805230163,52.547791447749304,52.62259093720687,52.697378657491456,52.77215427491645,52.8469174560122,52.921667867531816,52.99640517645717
46.31917100110196,46.39377272797308,46.46839059842556,46.54302428181187,46.617673447202094,46.69233776338954,46.76701689889675,46.841710521981206,46.91641830064132,46.99113990262215,47.06587499542144,47.14062324629534,47.215384322264434,47.29015789011956,47.36494361642777,47.43974116753822,47.51455020958809,47.589370408508564,47.66420143003073,47.73904293969155,47.813894602839845,47.8887560846422,47.96362705008899,48.038507164000336,48.11339609103209,48.18829349568186,48.26319904229496,48.338112395070425,48.41303321806709,48.4879611752095,48.56289593029398,48.637837146994684,48.712784488869595,48.78773761936656,48.86269620182933,48.937659899503636,49.01262837554316,49.08760129301567,49.16257831490904,49.237559104137254,49.31254332354657,49.387530635921486,49.46252070399087,49.53751319043397,49.61250775788654,49.68750406894683,49.762501786181794,49.837500572132996,49.912500089322805,49.98750000026042,50.062499967447934,50.13749965338646,50.21249872058217,50.287496831552325,50.36249364883145,50.43748883497735,50.512482052577155,50.587472964253465,50.66246123267035,50.737446520539464,50.81242849062608,50.887406805755205,50.962381128817555,51.037351122775746,51.11231645067019,51.18727677562528,51.2622317608554,51.33718106967093,51.41212436548439,51.48706131181635,51.56199157230156,51.636914810694975,51.71183069087773,51.786738876863225,51.861639032803076,51.9365308229932,52.01141391187974,52.08628796406516,52.16115264431414,52.236007617559665,52.310852548908905,52.38568710364926,52.460510947254335,52.53532374538983,52.61012516391958,52.684914868911434,52.759692526643256,52.83445780360877,52.909210366523574,52.983949882331025,53.0586760182081
46.38133797682052,46.45595317963001,46.53058425050106,46.60523085855035,46.679892672616965,46.754569361268125,46.82926059280512,46.903966035269114,46.978685356446995,47.05341822387729,47.12816430485603,47.20292326644267,47.277694775465875,47.352478498529635,47.42727410201897,47.502081252105995,47.576899614755824,47.65172885573248,47.726568640604846,47.80141863475271,47.87627850337259,47.95114791148384,48.0260265239345,48.10091400540743,48.175810020426184,48.25071423336102,48.32562630843498,48.4005459097298,48.475472701192004,48.550406346638866,48.6253465097645,48.70029285414583,48.775245043248624,48.85020274043356,48.925165608962295,49.000133312003456,49.07510551263868,49.15008187386872,49.22506205861951,49.30004572974813,49.375032550048964,49.45002218225971,49.52501428906749,49.60000853311489,49.675004577005986,49.75000208331251,49.82500071457983,49.900000133333116,49.975000002083334,50.049999983333336,50.124999739583984,50.19999893334016,50.27499722711688,50.349994283445376,50.42498976487912,50.49998333399998,50.574974653424164,50.64996338580845,50.724949193856126,50.79993174032311,50.87491068802403,50.94988569983825,51.024856438715936,51.09982256768415,51.17478374985286,51.249739648421034,51.324689926682645,51.39963424803272,51.47457227597345,51.54950367412013,51.62442810620724,51.699345236094494,51.77425472777281,51.84915624537035,51.924049453158574,51.998934015558184,52.073809597145136,52.14867586265669,52.223532476997335,52.29837910524483,52.3732154126561,52.44804106467331,52.52285572692973,52.597659065255755,52.67245074568483,52.74723043445937,52.821997798036755,52.89675250309518,52.971494216539604,53.04622260550769,53.12093733737563
46.44351620161461,46.51814465077915,46.592788692288586,46.66744799502788,46.74212222760914,46.816811058377574,46.89151415541729,46.96623118655715,47.04096181937668,47.11570572121192,47.19046255916129,47.265232000091586,47.34001371064379,47.414807357239006,47.48961260608444,47.56442912317927,47.63925657432064,47.714094625109546,47.78894294095686,47.86380118708923,47.93866902855514,48.013546130230765,48.08843215682608,48.16332677289074,48.23822964282018,48.31314043086152,48.38805880111966,48.462984417563234,48.53791694403067,48.612856044236125,48.68780138177567,48.762752620133185,48.83770942268645,48.91267145271318,48.9876383733971,49.06260984783392,49.13758553903749,49.21256510994573,49.287548223426796,49.36253454228514,49.437523729267454,49.51251544706888,49.58750935833897,49.66250512568784,49.737502411692155,49.812500878901304,49.88750018984336,49.962500007031245,50.03749999296875,50.11249981015663,50.18749912109869,50.26249758830783,50.33749487431216,50.41249064166104,50.48748455293113,50.562476270732546,50.63746545771486,50.7124517765732,50.787434890054286,50.862414460962526,50.937390152166074,51.012361626602896,51.087328547286816,51.16229057731355,51.237247379866815,51.31219861822432,51.38714395576388,51.462083055969345,51.537015582436766,51.61194119888033,51.68685956913849,51.76177035717983,51.83667322710925,51.911567843173934,51.986453869769235,52.06133097144486,52.13619881291077,52.211057059043156,52.285905374890454,52.36074342567936,52.43557087682073,52.51038739391556,52.585192642760994,52.65998628935621,52.73476799990841,52.8095374408387,52.88429427878808,52.95903818062331,53.03376881344284,53.108485844582695,53.18318894162242
46.50570548417855,46.5803469499505,46.655003732157226,46.72967549945593,46.80436192023591,46.87906266262438,46.95377739449231,47.02850578346039,47.103247496904814,47.178002201963245,47.25276956554064,47.32754925431518,47.402340934744245,47.477144273070266,47.55195893532669,47.62678458734389,47.701620894755166,47.77646752300266,47.85132413734331,47.926190402854864,48.00106598444182,48.07595054684142,48.15084375462965,48.225745272227186,48.300654763905506,48.37557189379276,48.45049632587987,48.52542772402656,48.60036575196728,48.67531007331736,48.75026035157896,48.82521625014714,48.90017743231584,48.975143561284064,49.05011430016175,49.12508931197597,49.20006825967688,49.275050806143874,49.350036614191545,49.42502534657583,49.50001666600003,49.57501023512088,49.650005716554624,49.725002772883116,49.80000106665984,49.875000260416016,49.95000001666665,50.024999997916666,50.09999986666688,50.174999285420164,50.24999791668749,50.324995422994014,50.39999146688512,50.47498571093251,50.549977817740285,50.62496744995104,50.69995427025188,50.77493794138049,50.84991812613128,50.92489448736133,50.999866687996544,51.07483439103769,51.149797259566434,51.22475495675138,51.29970714585417,51.37465349023549,51.44959365336113,51.524527298807996,51.5994540902702,51.67437369156502,51.74928576663898,51.82418997957381,51.89908599459257,51.973973476065495,52.04885208851617,52.123721496627404,52.198581365247286,52.27343135939515,52.34827114426752,52.42310038524417,52.49791874789399,52.57272589798103,52.64752150147037,52.722305224534125,52.79707673355733,52.871835695143965,52.946581776122706,53.021314643553005,53.09603396473089,53.17073940719488,53.245430638731875
46.56790563306954,46.64255988553974,46.717229178344475,46.791913179917294,46.86661155842867,46.941323981791896,47.016050117668975,47.09078963347642,47.165542196391236,47.24030747335676,47.315085131088566,47.38987483608042,47.46467625461017,47.53948905274567,47.61431289635073,47.68914745109111,47.76399238244034,47.83884735568586,47.91371203593484,47.98858608812026,48.06346917700681,48.13836096719692,48.213261123136775,48.28816930912227,48.36308518930502,48.438008427698435,48.51293868818366,48.587875634515605,48.66281893032906,48.7377682391446,48.81272322437472,48.88768354932981,48.962648877224254,49.03761887118243,49.112593194244795,49.18757150937391,49.26255347946053,49.33753876732964,49.41252703574653,49.48751794742285,49.56251116502265,49.637506351168554,49.71250316844768,49.78750127941783,49.86250034661353,49.937500032552066,50.01249999973958,50.08749991067719,50.162499427867004,50.2374982138182,50.31249593105316,50.38749224211346,50.46248680956603,50.537479296009124,50.61246936407851,50.68745667645342,50.762440895862746,50.837421685090966,50.91239870698433,50.98737162445685,51.06234010049637,51.13730379817068,51.21226238063345,51.2872155111304,51.36216285300531,51.43710406970602,51.512038824790494,51.58696678193291,51.66188760492956,51.73680095770504,51.811706504318146,51.8866039089679,51.961492835999664,52.03637294991101,52.1112439153578,52.186105397160155,52.26095706030844,52.33579856996927,52.41062959149144,52.485449790411906,52.560258832461784,52.63505638357222,52.709842109880434,52.784615677735566,52.859376753704666,52.93412500457856,53.00886009737784,53.08358169935868,53.15828947801878,53.23298310110325,53.307662236610454
46.63011645670992,46.7047832658105,46.77946483895866,46.8541608443683,46.92887094999521,47.00359482354282,47.078332132468184,47.1530825439878,47.22784572508355,47.30262134250855,47.37740906279313,47.45220855225069,47.527019476983696,47.601841502889556,47.67667429566659,47.751517520819995,47.82637084366777,47.901233929346766,47.97610644281854,48.05098804887542,48.12587841214648,48.200777197103506,48.275684068067044,48.35059868921233,48.42552072457539,48.50044983805899,48.57538569343869,48.650327954368834,48.725276284388656,48.80023034692822,48.87518980531451,48.95015432277752,49.02512356245618,49.100097187404536,49.17507486059768,49.25005624493796,49.325041003260864,49.40002879834122,49.475019292899184,49.55001214960635,49.6250070310918,49.70000359994817,49.775001518737696,49.85000044999838,49.92500005624995,50.0,50.07499994375005,50.149999550001624,50.224998481262304,50.29999640005184,50.374992968908195,50.44998785039364,50.524980707100816,50.59997120165879,50.674958996739136,50.749943755062034,50.82492513940231,50.899902812595464,50.97487643754381,51.049845677222486,51.12481019468548,51.19976965307179,51.274723715611344,51.34967204563116,51.42461430656131,51.499550161941,51.5744792754246,51.64940131078767,51.72431593193296,51.799222802896494,51.874121587853516,51.94901195112458,52.02389355718147,52.098766070653234,52.173629156332225,52.24848247918001,52.32332570433341,52.39815849711044,52.4729805230163,52.547791447749304,52.62259093720687,52.697378657491456,52.77215427491645,52.8469174560122,52.921667867531816,52.99640517645717,53.071129050004785,53.14583915563169,53.22053516104134,53.2952167341895,53.36988354329007
46.69233776338954,46.76701689889675,46.841710521981206,46.91641830064132,46.99113990262215,47.06587499542144,47.14062324629534,47.215384322264434,47.29015789011956,47.36494361642777,47.43974116753822,47.51455020958809,47.589370408508564,47.66420143003073,47.73904293969155,47.813894602839845,47.8887560846422,47.96362705008899,48.038507164000336,48.11339609103209,48.18829349568186,48.26319904229496,48.338112395070425,48.41303321806709,48.4879611752095,48.56289593029398,48.637837146994684,48.712784488869595,48.78773761936655,48.86269620182933,48.937659899503636,49.01262837554316,49.08760129301567,49.16257831490904,49.237559104137254,49.31254332354657,49.387530635921486,49.46252070399087,49.53751319043397,49.61250775788654,49.68750406894683,49.762501786181794,49.837500572132996,49.912500089322805,49.98750000026042,50.062499967447934,50.13749965338646,50.21249872058217,50.287496831552325,50.36249364883145,50.43748883497735,50.512482052577155,50.587472964253465,50.66246123267035,50.737446520539464,50.81242849062608,50.887406805755205,50.962381128817555,51.037351122775746,51.11231645067019,51.18727677562528,51.2622317608554,51.33718106967093,51.41212436548439,51.48706131181635,51.56199157230156,51.636914810694975,51.71183069087773,51.786738876863225,51.861639032803076,51.93653082299319,52.01141391187974,52.08628796406515,52.16115264431414,52.236007617559665,52.310852548908905,52.38568710364926,52.460510947254335,52.53532374538983,52.61012516391958,52.684914868911434,52.759692526643256,52.83445780360877,52.909210366523574,52.983949882331025,53.0586760182081,53.13338844157133,53.20808682008271,53.282770821655525,53.35744011446026,53.43209436693046
46.754569361268125,46.82926059280512,46.903966035269114,46.978685356446995,47.05341822387729,47.12816430485603,47.20292326644267,47.277694775465875,47.352478498529635,47.42727410201897,47.502081252105995,47.576899614755824,47.65172885573248,47.726568640604846,47.80141863475271,47.87627850337259,47.95114791148384,48.0260265239345,48.10091400540743,48.175810020426184,48.25071423336102,48.32562630843498,48.4005459097298,48.475472701192004,48.550406346638866,48.6253465097645,48.70029285414583,48.775245043248624,48.85020274043356,48.925165608962295,49.000133312003456,49.07510551263868,49.15008187386872,49.22506205861951,49.30004572974813,49.375032550048964,49.45002218225971,49.52501428906749,49.60000853311489,49.675004577005986,49.750002083312495,49.82500071457983,49.900000133333116,49.975000002083334,50.049999983333336,50.124999739583984,50.19999893334016,50.27499722711688,50.349994283445376,50.42498976487912,50.49998333399998,50.574974653424164,50.64996338580845,50.724949193856126,50.79993174032311,50.87491068802403,50.94988569983825,51.024856438715936,51.09982256768415,51.17478374985286,51.249739648421034,51.324689926682645,51.39963424803272,51.47457227597345,51.54950367412013,51.62442810620724,51.699345236094494,51.77425472777281,51.84915624537035,51.924049453158574,51.99893401555818,52.073809597145136,52.14867586265669,52.223532476997335,52.29837910524483,52.3732154126561,52.44804106467331,52.52285572692973,52.597659065255755,52.67245074568483,52.74723043445937,52.821997798036755,52.89675250309518,52.971494216539604,53.04622260550769,53.12093733737563,53.19563807976407,53.27032450054405,53.344996267842774,53.4196530500495,53.49429451582145
46.816811058377574,46.89151415541729,46.96623118655715,47.04096181937668,47.11570572121192,47.19046255916129,47.265232000091586,47.34001371064379,47.414807357239006,47.48961260608444,47.56442912317927,47.63925657432064,47.714094625109546,47.78894294095686,47.86380118708923,47.93866902855514,48.013546130230765,48.08843215682608,48.16332677289074,48.23822964282018,48.31314043086152,48.38805880111966,48.462984417563234,48.53791694403067,48.612856044236125,48.68780138177567,48.762752620133185,48.83770942268645,48.91267145271318,48.9876383733971,49.06260984783392,49.13758553903749,49.21256510994573,49.287548223426796,49.36253454228514,49.437523729267454,49.51251544706888,49.58750935833897,49.66250512568784,49.737502411692155,49.812500878901304,49.88750018984336,49.962500007031245,50.03749999296875,50.11249981015663,50.18749912109869,50.26249758830783,50.33749487431216,50.41249064166104,50.48748455293113,50.562476270732546,50.63746545771486,50.7124517765732,50.787434890054286,50.862414460962526,50.937390152166074,51.012361626602896,51.087328547286816,51.16229057731355,51.237247379866815,51.31219861822432,51.38714395576388,51.462083055969345,51.537015582436766,51.61194119888033,51.68685956913848,51.76177035717983,51.83667322710925,51.911567843173934,51.986453869769235,52.06133097144486,52.13619881291076,52.211057059043156,52.285905374890454,52.36074342567936,52.43557087682073,52.51038739391556,52.585192642760994,52.65998628935621,52.73476799990841,52.8095374408387,52.88429427878808,52.95903818062331,53.03376881344284,53.108485844582695,53.18318894162242,53.25787777239086,53.33255200497212,53.407211307711414,53.481855349220865,53.55648379838539
46.87906266262438,46.95377739449231,47.02850578346039,47.103247496904814,47.178002201963245,47.25276956554064,47.32754925431518,47.402340934744245,47.477144273070266,47.55195893532669,47.62678458734389,47.701620894755166,47.77646752300266,47.85132413734331,47.926190402854864,48.00106598444182,48.07595054684142,48.15084375462965,48.225745272227186,48.300654763905506,48.37557189379276,48.45049632587987,48.52542772402656,48.60036575196728,48.67531007331736,48.75026035157896,48.82521625014714,48.90017743231584,48.975143561284064,49.05011430016175,49.12508931197597,49.20006825967688,49.275050806143874,49.350036614191545,49.42502534657583,49.50001666600003,49.57501023512088,49.650005716554624,49.725002772883116,49.80000106665984,49.875000260416016,49.95000001666665,50.024999997916666,50.09999986666688,50.174999285420164,50.24999791668749,50.324995422994014,50.39999146688512,50.47498571093251,50.549977817740285,50.62496744995104,50.69995427025188,50.77493794138049,50.84991812613128,50.92489448736133,50.99986668799655,51.07483439103769,51.149797259566434,51.22475495675138,51.29970714585417,51.37465349023549,51.44959365336113,51.524527298807996,51.5994540902702,51.67437369156502,51.74928576663898,51.82418997957381,51.89908599459257,51.973973476065495,52.04885208851617,52.123721496627404,52.198581365247286,52.27343135939515,52.34827114426752,52.42310038524417,52.49791874789399,52.57272589798103,52.64752150147037,52.722305224534125,52.79707673355735,52.871835695143965,52.946581776122706,53.021314643553005,53.09603396473089,53.17073940719488,53.245430638731875,53.320107327383035,53.39476914144965,53.469415749498935,53.544046820369985,53.618662023179475
